[13:02:22] [main/INFO]: Loading Minecraft 1.20.1 with Fabric Loader 0.18.4
[13:02:22] [main/INFO]: Loading 45 mods:
	- fabric-api 0.92.2+1.20.1
	   |-- fabric-api-base 0.4.31+1802ada577
	   |-- fabric-api-lookup-api-v1 1.6.36+1802ada577
	   |-- fabric-biome-api-v1 13.0.13+1802ada577
	   |-- fabric-block-api-v1 1.0.11+1802ada577
	   |-- fabric-block-view-api-v2 1.0.1+1802ada577
	   |-- fabric-blockrenderlayer-v1 1.1.41+1802ada577
	   |-- fabric-client-tags-api-v1 1.1.2+1802ada577
	   |-- fabric-command-api-v1 1.2.34+f71b366f77
	   |-- fabric-command-api-v2 2.2.13+1802ada577
	   |-- fabric-commands-v0 0.2.51+df3654b377
	   |-- fabric-containers-v0 0.1.64+df3654b377
	   |-- fabric-content-registries-v0 4.0.11+1802ada577
	   |-- fabric-convention-tags-v1 1.5.5+1802ada577
	   |-- fabric-crash-report-info-v1 0.2.19+1802ada577
	   |-- fabric-data-attachment-api-v1 1.0.0+de0fd6d177
	   |-- fabric-data-generation-api-v1 12.3.4+1802ada577
	   |-- fabric-dimensions-v1 2.1.54+1802ada577
	   |-- fabric-entity-events-v1 1.6.0+1c78457f77
	   |-- fabric-events-interaction-v0 0.6.2+1802ada577
	   |-- fabric-events-lifecycle-v0 0.2.63+df3654b377
	   |-- fabric-game-rule-api-v1 1.0.40+1802ada577
	   |-- fabric-item-api-v1 2.1.28+1802ada577
	   |-- fabric-item-group-api-v1 4.0.12+1802ada577
	   |-- fabric-key-binding-api-v1 1.0.37+1802ada577
	   |-- fabric-keybindings-v0 0.2.35+df3654b377
	   |-- fabric-lifecycle-events-v1 2.2.22+1802ada577
	   |-- fabric-loot-api-v2 1.2.1+1802ada577
	   |-- fabric-loot-tables-v1 1.1.45+9e7660c677
	   |-- fabric-message-api-v1 5.1.9+1802ada577
	   |-- fabric-mining-level-api-v1 2.1.50+1802ada577
	   |-- fabric-model-loading-api-v1 1.0.3+1802ada577
	   |-- fabric-models-v0 0.4.2+9386d8a777
	   |-- fabric-networking-api-v1 1.3.11+1802ada577
	   |-- fabric-networking-v0 0.3.51+df3654b377
	   |-- fabric-object-builder-api-v1 11.1.3+1802ada577
	   |-- fabric-particles-v1 1.1.2+1802ada577
	   |-- fabric-recipe-api-v1 1.0.21+1802ada577
	   |-- fabric-registry-sync-v0 2.3.3+1802ada577
	   |-- fabric-renderer-api-v1 3.2.1+1802ada577
	   |-- fabric-renderer-indigo 1.5.2+85287f9f77
	   |-- fabric-renderer-registries-v1 3.2.46+df3654b377
	   |-- fabric-rendering-data-attachment-v1 0.3.37+92a0d36777
	   |-- fabric-rendering-fluids-v1 3.0.28+1802ada577
	   |-- fabric-rendering-v0 1.1.49+df3654b377
	   |-- fabric-rendering-v1 3.0.8+1802ada577
	   |-- fabric-resource-conditions-api-v1 2.3.8+1802ada577
	   |-- fabric-resource-loader-v0 0.11.10+1802ada577
	   |-- fabric-screen-api-v1 2.0.8+1802ada577
	   |-- fabric-screen-handler-api-v1 1.3.30+1802ada577
	   |-- fabric-sound-api-v1 1.0.13+1802ada577
	   |-- fabric-transfer-api-v1 3.3.5+8dd72ea377
	   \-- fabric-transitive-access-wideners-v1 4.3.1+1802ada577
	- fabricloader 0.18.4
	   \-- mixinextras 0.5.0
	- java 21
	- minecraft 1.20.1
	- nemocraft 1.0.0
[13:02:22] [main/INFO]: SpongePowered MIXIN Subsystem Version=0.8.7 Source=file:/home/ylop/Downloads/monke7-2/server/libraries/net/fabricmc/sponge-mixin/0.17.0+mixin.0.8.7/sponge-mixin-0.17.0+mixin.0.8.7.jar Service=Knot/Fabric Env=SERVER
[13:02:22] [main/INFO]: Compatibility level set to JAVA_16
[13:02:22] [main/INFO]: Compatibility level set to JAVA_17
[13:02:23] [main/INFO]: Initializing MixinExtras via com.llamalad7.mixinextras.service.MixinExtrasServiceImpl(version=0.5.0).
[13:02:31] [main/INFO]: [NemoCraft] Initializing...
[13:02:31] [main/INFO]: [NemoCraft] Command /nemo build registered
[13:02:31] [main/INFO]: [NemoCraft] Quest commands registered
[13:02:31] [main/INFO]: [NemoCraft] Quest tracker registered
[13:02:31] [main/INFO]: [NemoCraft] Ready!
[13:02:31] [main/INFO]: Environment: authHost='https://authserver.mojang.com', accountsHost='https://api.mojang.com', sessionHost='https://sessionserver.mojang.com', servicesHost='https://api.minecraftservices.com', name='PROD'
[13:02:34] [main/INFO]: Loaded 7 recipes
[13:02:34] [main/INFO]: Loaded 1271 advancements
[13:02:36] [main/INFO]: Applied 0 biome modifications to 0 of 64 new biomes in 5.908 ms
[13:02:36] [Server thread/INFO]: Starting minecraft server version 1.20.1
[13:02:36] [Server thread/INFO]: Loading properties
[13:02:36] [Server thread/INFO]: Default game type: SURVIVAL
[13:02:36] [Server thread/INFO]: Generating keypair
[13:02:36] [Server thread/INFO]: Starting Minecraft server on *:25565
[13:02:36] [Server thread/INFO]: Using epoll channel type
[13:02:36] [Server thread/WARN]: **** SERVER IS RUNNING IN OFFLINE/INSECURE MODE!
[13:02:36] [Server thread/WARN]: The server will make no attempt to authenticate usernames. Beware.
[13:02:36] [Server thread/WARN]: While this makes the game possible to play without internet access, it also opens up the ability for hackers to connect with any username they choose.
[13:02:36] [Server thread/WARN]: To change this, set "online-mode" to "true" in the server.properties file.
[13:02:36] [Server thread/INFO]: Preparing level "world"
[13:02:45] [Server thread/INFO]: Preparing start region for dimension minecraft:overworld
[13:02:58] [Worker-Main-5/INFO]: Preparing spawn area: 0%
[13:02:58] [Worker-Main-3/INFO]: Preparing spawn area: 0%
[13:02:58] [Worker-Main-1/INFO]: Preparing spawn area: 0%
[13:02:58] [Worker-Main-4/INFO]: Preparing spawn area: 0%
[13:02:58] [Worker-Main-3/INFO]: Preparing spawn area: 0%
[13:02:58] [Worker-Main-5/INFO]: Preparing spawn area: 0%
[13:02:58] [Worker-Main-1/INFO]: Preparing spawn area: 0%
[13:02:58] [Worker-Main-2/INFO]: Preparing spawn area: 0%
[13:02:58] [Worker-Main-4/INFO]: Preparing spawn area: 0%
[13:02:58] [Worker-Main-2/INFO]: Preparing spawn area: 0%
[13:02:58] [Worker-Main-5/INFO]: Preparing spawn area: 0%
[13:02:58] [Worker-Main-6/INFO]: Preparing spawn area: 0%
[13:02:58] [Worker-Main-2/INFO]: Preparing spawn area: 0%
[13:02:58] [Worker-Main-7/INFO]: Preparing spawn area: 0%
[13:02:58] [Worker-Main-6/INFO]: Preparing spawn area: 0%
[13:02:58] [Worker-Main-7/INFO]: Preparing spawn area: 0%
[13:02:58] [Worker-Main-2/INFO]: Preparing spawn area: 0%
[13:02:58] [Worker-Main-7/INFO]: Preparing spawn area: 0%
[13:02:58] [Worker-Main-2/INFO]: Preparing spawn area: 0%
[13:02:58] [Worker-Main-6/INFO]: Preparing spawn area: 0%
[13:02:58] [Worker-Main-1/INFO]: Preparing spawn area: 0%
[13:02:58] [Worker-Main-3/INFO]: Preparing spawn area: 0%
[13:02:58] [Worker-Main-4/INFO]: Preparing spawn area: 0%
[13:02:58] [Worker-Main-6/INFO]: Preparing spawn area: 0%
[13:02:58] [Worker-Main-7/INFO]: Preparing spawn area: 0%
[13:02:59] [Worker-Main-5/INFO]: Preparing spawn area: 0%
[13:02:59] [Worker-Main-3/INFO]: Preparing spawn area: 0%
[13:02:59] [Worker-Main-1/INFO]: Preparing spawn area: 0%
[13:02:59] [Worker-Main-1/INFO]: Preparing spawn area: 0%
[13:03:00] [Worker-Main-4/INFO]: Preparing spawn area: 0%
[13:03:00] [Worker-Main-1/INFO]: Preparing spawn area: 0%
[13:03:01] [Worker-Main-6/INFO]: Preparing spawn area: 0%
[13:03:01] [Worker-Main-5/INFO]: Preparing spawn area: 4%
[13:03:02] [Worker-Main-3/INFO]: Preparing spawn area: 23%
[13:03:02] [Worker-Main-6/INFO]: Preparing spawn area: 36%
[13:03:03] [Worker-Main-6/INFO]: Preparing spawn area: 55%
[13:03:03] [Worker-Main-6/INFO]: Preparing spawn area: 72%
[13:03:04] [Worker-Main-2/INFO]: Preparing spawn area: 97%
[13:03:04] [Server thread/INFO]: Time elapsed: 18684 ms
[13:03:04] [Server thread/INFO]: Done (27.243s)! For help, type "help"
[13:03:04] [Server thread/INFO]: Starting remote control listener
[13:03:04] [Server thread/INFO]: Thread RCON Listener started
[13:03:04] [Server thread/INFO]: RCON running on 0.0.0.0:25575
[13:03:15] [Server thread/INFO]: ylopVEVO[/127.0.0.1:45956] logged in with entity id 229 at (-82.43014288097892, 96.52296226594177, -72.30000001192093)
[13:03:15] [Server thread/INFO]: ylopVEVO joined the game
[13:03:20] [Server thread/WARN]: Can't keep up! Is the server overloaded? Running 2042ms or 40 ticks behind
[13:04:15] [Server thread/WARN]: Can't keep up! Is the server overloaded? Running 2075ms or 41 ticks behind
[13:04:34] [Server thread/WARN]: Can't keep up! Is the server overloaded? Running 3845ms or 76 ticks behind
[13:04:37] [Server thread/INFO]: [ylopVEVO: [NemoCraft] Generating dungeon: "a majestic end castle with mob spawners"...]
[13:05:05] [RCON Listener #1/INFO]: Thread RCON Client /127.0.0.1 started
[13:05:05] [Server thread/INFO]: [Rcon: Successfully filled 2231 block(s)]
[13:05:06] [Server thread/INFO]: [Rcon: Changed the block at -184, 98, 85]
[13:05:06] [Server thread/INFO]: [Rcon: Changed the block at -184, 98, 98]
[13:05:06] [Server thread/INFO]: [Rcon: Changed the block at -183, 98, 85]
[13:05:06] [Server thread/INFO]: [Rcon: Changed the block at -183, 98, 98]
[13:05:06] [Server thread/INFO]: [Rcon: Changed the block at -182, 98, 85]
[13:05:06] [Server thread/INFO]: [Rcon: Changed the block at -182, 98, 98]
[13:05:06] [Server thread/INFO]: [Rcon: Changed the block at -181, 98, 85]
[13:05:06] [Server thread/INFO]: [Rcon: Changed the block at -181, 98, 98]
[13:05:06] [Server thread/INFO]: [Rcon: Changed the block at -180, 98, 85]
[13:05:06] [Server thread/INFO]: [Rcon: Changed the block at -180, 98, 98]
[13:05:06] [Server thread/INFO]: [Rcon: Changed the block at -179, 98, 85]
[13:05:06] [Server thread/INFO]: [Rcon: Changed the block at -179, 98, 98]
[13:05:06] [Server thread/INFO]: [Rcon: Changed the block at -178, 98, 85]
[13:05:06] [Server thread/INFO]: [Rcon: Changed the block at -178, 98, 98]
[13:05:06] [Server thread/INFO]: [Rcon: Changed the block at -177, 98, 85]
[13:05:06] [Server thread/INFO]: [Rcon: Changed the block at -177, 98, 98]
[13:05:06] [Server thread/INFO]: [Rcon: Changed the block at -176, 98, 85]
[13:05:06] [Server thread/INFO]: [Rcon: Changed the block at -176, 98, 98]
[13:05:06] [Server thread/INFO]: [Rcon: Changed the block at -175, 98, 85]
[13:05:06] [Server thread/INFO]: [Rcon: Changed the block at -175, 98, 98]
[13:05:06] [Server thread/INFO]: [Rcon: Changed the block at -174, 98, 85]
[13:05:06] [Server thread/INFO]: [Rcon: Changed the block at -174, 98, 98]
[13:05:06] [Server thread/INFO]: [Rcon: Changed the block at -173, 98, 85]
[13:05:06] [Server thread/INFO]: [Rcon: Changed the block at -173, 98, 98]
[13:05:06] [Server thread/INFO]: [Rcon: Changed the block at -172, 98, 85]
[13:05:06] [Server thread/INFO]: [Rcon: Changed the block at -172, 98, 98]
[13:05:07] [Server thread/INFO]: [Rcon: Changed the block at -171, 98, 85]
[13:05:07] [Server thread/INFO]: [Rcon: Changed the block at -171, 98, 98]
[13:05:07] [Server thread/INFO]: [Rcon: Changed the block at -170, 98, 85]
[13:05:07] [Server thread/INFO]: [Rcon: Changed the block at -170, 98, 98]
[13:05:07] [Server thread/INFO]: [Rcon: Changed the block at -169, 98, 85]
[13:05:07] [Server thread/INFO]: [Rcon: Changed the block at -169, 98, 98]
[13:05:07] [Server thread/INFO]: [Rcon: Changed the block at -184, 98, 86]
[13:05:07] [Server thread/INFO]: [Rcon: Changed the block at -169, 98, 86]
[13:05:07] [Server thread/INFO]: [Rcon: Changed the block at -184, 98, 87]
[13:05:07] [Server thread/INFO]: [Rcon: Changed the block at -169, 98, 87]
[13:05:07] [Server thread/INFO]: [Rcon: Changed the block at -184, 98, 88]
[13:05:07] [Server thread/INFO]: [Rcon: Changed the block at -169, 98, 88]
[13:05:07] [Server thread/INFO]: [Rcon: Changed the block at -184, 98, 89]
[13:05:07] [Server thread/INFO]: [Rcon: Changed the block at -169, 98, 89]
[13:05:07] [Server thread/INFO]: [Rcon: Changed the block at -184, 98, 90]
[13:05:07] [Server thread/INFO]: [Rcon: Changed the block at -169, 98, 90]
[13:05:07] [Server thread/INFO]: [Rcon: Changed the block at -184, 98, 91]
[13:05:07] [Server thread/INFO]: [Rcon: Changed the block at -169, 98, 91]
[13:05:08] [Server thread/INFO]: [Rcon: Changed the block at -184, 98, 92]
[13:05:08] [Server thread/INFO]: [Rcon: Changed the block at -169, 98, 92]
[13:05:08] [Server thread/INFO]: [Rcon: Changed the block at -184, 98, 93]
[13:05:08] [Server thread/INFO]: [Rcon: Changed the block at -169, 98, 93]
[13:05:08] [Server thread/INFO]: [Rcon: Changed the block at -184, 98, 94]
[13:05:08] [Server thread/INFO]: [Rcon: Changed the block at -169, 98, 94]
[13:05:08] [Server thread/INFO]: [Rcon: Changed the block at -184, 98, 95]
[13:05:08] [Server thread/INFO]: [Rcon: Changed the block at -169, 98, 95]
[13:05:08] [Server thread/INFO]: [Rcon: Changed the block at -184, 98, 96]
[13:05:08] [Server thread/INFO]: [Rcon: Changed the block at -169, 98, 96]
[13:05:08] [Server thread/INFO]: [Rcon: Changed the block at -184, 98, 97]
[13:05:08] [Server thread/INFO]: [Rcon: Changed the block at -169, 98, 97]
[13:05:08] [Server thread/INFO]: [Rcon: Changed the block at -184, 99, 85]
[13:05:08] [Server thread/INFO]: [Rcon: Changed the block at -184, 99, 98]
[13:05:08] [Server thread/INFO]: [Rcon: Changed the block at -183, 99, 85]
[13:05:08] [Server thread/INFO]: [Rcon: Changed the block at -183, 99, 98]
[13:05:08] [Server thread/INFO]: [Rcon: Changed the block at -182, 99, 85]
[13:05:08] [Server thread/INFO]: [Rcon: Changed the block at -182, 99, 98]
[13:05:08] [Server thread/INFO]: [Rcon: Changed the block at -181, 99, 85]
[13:05:08] [Server thread/INFO]: [Rcon: Changed the block at -181, 99, 98]
[13:05:08] [Server thread/INFO]: [Rcon: Changed the block at -180, 99, 85]
[13:05:09] [Server thread/INFO]: [Rcon: Changed the block at -180, 99, 98]
[13:05:09] [Server thread/INFO]: [Rcon: Changed the block at -179, 99, 85]
[13:05:09] [Server thread/INFO]: [Rcon: Changed the block at -179, 99, 98]
[13:05:09] [Server thread/INFO]: [Rcon: Changed the block at -178, 99, 85]
[13:05:09] [Server thread/INFO]: [Rcon: Changed the block at -178, 99, 98]
[13:05:09] [Server thread/INFO]: [Rcon: Changed the block at -177, 99, 85]
[13:05:09] [Server thread/INFO]: [Rcon: Changed the block at -177, 99, 98]
[13:05:09] [Server thread/INFO]: [Rcon: Changed the block at -176, 99, 85]
[13:05:09] [Server thread/INFO]: [Rcon: Changed the block at -176, 99, 98]
[13:05:09] [Server thread/INFO]: [Rcon: Changed the block at -175, 99, 85]
[13:05:09] [Server thread/INFO]: [Rcon: Changed the block at -175, 99, 98]
[13:05:09] [Server thread/INFO]: [Rcon: Changed the block at -174, 99, 85]
[13:05:09] [Server thread/INFO]: [Rcon: Changed the block at -174, 99, 98]
[13:05:09] [Server thread/INFO]: [Rcon: Changed the block at -173, 99, 85]
[13:05:09] [Server thread/INFO]: [Rcon: Changed the block at -173, 99, 98]
[13:05:09] [Server thread/INFO]: [Rcon: Changed the block at -172, 99, 85]
[13:05:09] [Server thread/INFO]: [Rcon: Changed the block at -172, 99, 98]
[13:05:09] [Server thread/INFO]: [Rcon: Changed the block at -171, 99, 85]
[13:05:09] [Server thread/INFO]: [Rcon: Changed the block at -171, 99, 98]
[13:05:09] [Server thread/INFO]: [Rcon: Changed the block at -170, 99, 85]
[13:05:09] [Server thread/INFO]: [Rcon: Changed the block at -170, 99, 98]
[13:05:09] [Server thread/INFO]: [Rcon: Changed the block at -169, 99, 85]
[13:05:10] [Server thread/INFO]: [Rcon: Changed the block at -169, 99, 98]
[13:05:10] [Server thread/INFO]: [Rcon: Changed the block at -184, 99, 86]
[13:05:10] [Server thread/INFO]: [Rcon: Changed the block at -169, 99, 86]
[13:05:10] [Server thread/INFO]: [Rcon: Changed the block at -184, 99, 87]
[13:05:10] [Server thread/INFO]: [Rcon: Changed the block at -169, 99, 87]
[13:05:10] [Server thread/INFO]: [Rcon: Changed the block at -184, 99, 88]
[13:05:10] [Server thread/INFO]: [Rcon: Changed the block at -169, 99, 88]
[13:05:10] [Server thread/INFO]: [Rcon: Changed the block at -184, 99, 89]
[13:05:10] [Server thread/INFO]: [Rcon: Changed the block at -169, 99, 89]
[13:05:10] [Server thread/INFO]: [Rcon: Changed the block at -184, 99, 90]
[13:05:10] [Server thread/INFO]: [Rcon: Changed the block at -169, 99, 90]
[13:05:10] [Server thread/INFO]: [Rcon: Changed the block at -184, 99, 91]
[13:05:10] [Server thread/INFO]: [Rcon: Changed the block at -169, 99, 91]
[13:05:10] [Server thread/INFO]: [Rcon: Changed the block at -184, 99, 92]
[13:05:10] [Server thread/INFO]: [Rcon: Changed the block at -169, 99, 92]
[13:05:10] [Server thread/INFO]: [Rcon: Changed the block at -184, 99, 93]
[13:05:10] [Server thread/INFO]: [Rcon: Changed the block at -169, 99, 93]
[13:05:10] [Server thread/INFO]: [Rcon: Changed the block at -184, 99, 94]
[13:05:10] [Server thread/INFO]: [Rcon: Changed the block at -169, 99, 94]
[13:05:10] [Server thread/INFO]: [Rcon: Changed the block at -184, 99, 95]
[13:05:10] [Server thread/INFO]: [Rcon: Changed the block at -169, 99, 95]
[13:05:10] [Server thread/INFO]: [Rcon: Changed the block at -184, 99, 96]
[13:05:10] [Server thread/INFO]: [Rcon: Changed the block at -169, 99, 96]
[13:05:10] [Server thread/INFO]: [Rcon: Changed the block at -184, 99, 97]
[13:05:10] [Server thread/INFO]: [Rcon: Changed the block at -169, 99, 97]
[13:05:10] [Server thread/INFO]: [Rcon: Changed the block at -184, 100, 85]
[13:05:10] [Server thread/INFO]: [Rcon: Changed the block at -184, 100, 98]
[13:05:10] [Server thread/INFO]: [Rcon: Changed the block at -183, 100, 85]
[13:05:11] [Server thread/INFO]: [Rcon: Changed the block at -183, 100, 98]
[13:05:11] [Server thread/INFO]: [Rcon: Changed the block at -182, 100, 85]
[13:05:11] [Server thread/INFO]: [Rcon: Changed the block at -182, 100, 98]
[13:05:11] [Server thread/INFO]: [Rcon: Changed the block at -181, 100, 85]
[13:05:11] [Server thread/INFO]: [Rcon: Changed the block at -181, 100, 98]
[13:05:11] [Server thread/INFO]: [Rcon: Changed the block at -180, 100, 85]
[13:05:11] [Server thread/INFO]: [Rcon: Changed the block at -180, 100, 98]
[13:05:11] [Server thread/INFO]: [Rcon: Changed the block at -179, 100, 85]
[13:05:11] [Server thread/INFO]: [Rcon: Changed the block at -179, 100, 98]
[13:05:11] [Server thread/INFO]: [Rcon: Changed the block at -178, 100, 85]
[13:05:11] [Server thread/INFO]: [Rcon: Changed the block at -178, 100, 98]
[13:05:11] [Server thread/INFO]: [Rcon: Changed the block at -177, 100, 85]
[13:05:11] [Server thread/INFO]: [Rcon: Changed the block at -177, 100, 98]
[13:05:11] [Server thread/INFO]: [Rcon: Changed the block at -176, 100, 85]
[13:05:11] [Server thread/INFO]: [Rcon: Changed the block at -176, 100, 98]
[13:05:11] [Server thread/INFO]: [Rcon: Changed the block at -175, 100, 85]
[13:05:11] [Server thread/INFO]: [Rcon: Changed the block at -175, 100, 98]
[13:05:11] [Server thread/INFO]: [Rcon: Changed the block at -174, 100, 85]
[13:05:11] [Server thread/INFO]: [Rcon: Changed the block at -174, 100, 98]
[13:05:11] [Server thread/INFO]: [Rcon: Changed the block at -173, 100, 85]
[13:05:11] [Server thread/INFO]: [Rcon: Changed the block at -173, 100, 98]
[13:05:11] [Server thread/INFO]: [Rcon: Changed the block at -172, 100, 85]
[13:05:11] [Server thread/INFO]: [Rcon: Changed the block at -172, 100, 98]
[13:05:11] [Server thread/INFO]: [Rcon: Changed the block at -171, 100, 85]
[13:05:11] [Server thread/INFO]: [Rcon: Changed the block at -171, 100, 98]
[13:05:11] [Server thread/INFO]: [Rcon: Changed the block at -170, 100, 85]
[13:05:11] [Server thread/INFO]: [Rcon: Changed the block at -170, 100, 98]
[13:05:11] [Server thread/INFO]: [Rcon: Changed the block at -169, 100, 85]
[13:05:11] [Server thread/INFO]: [Rcon: Changed the block at -169, 100, 98]
[13:05:11] [Server thread/INFO]: [Rcon: Changed the block at -184, 100, 86]
[13:05:11] [Server thread/INFO]: [Rcon: Changed the block at -169, 100, 86]
[13:05:11] [Server thread/INFO]: [Rcon: Changed the block at -184, 100, 87]
[13:05:11] [Server thread/INFO]: [Rcon: Changed the block at -169, 100, 87]
[13:05:11] [Server thread/INFO]: [Rcon: Changed the block at -184, 100, 88]
[13:05:11] [Server thread/INFO]: [Rcon: Changed the block at -169, 100, 88]
[13:05:11] [Server thread/INFO]: [Rcon: Changed the block at -184, 100, 89]
[13:05:11] [Server thread/INFO]: [Rcon: Changed the block at -169, 100, 89]
[13:05:11] [Server thread/INFO]: [Rcon: Changed the block at -184, 100, 90]
[13:05:11] [Server thread/INFO]: [Rcon: Changed the block at -169, 100, 90]
[13:05:11] [Server thread/INFO]: [Rcon: Changed the block at -184, 100, 91]
[13:05:11] [Server thread/INFO]: [Rcon: Changed the block at -169, 100, 91]
[13:05:11] [Server thread/INFO]: [Rcon: Changed the block at -184, 100, 92]
[13:05:11] [Server thread/INFO]: [Rcon: Changed the block at -169, 100, 92]
[13:05:11] [Server thread/INFO]: [Rcon: Changed the block at -184, 100, 93]
[13:05:11] [Server thread/INFO]: [Rcon: Changed the block at -169, 100, 93]
[13:05:11] [Server thread/INFO]: [Rcon: Changed the block at -184, 100, 94]
[13:05:11] [Server thread/INFO]: [Rcon: Changed the block at -169, 100, 94]
[13:05:11] [Server thread/INFO]: [Rcon: Changed the block at -184, 100, 95]
[13:05:11] [Server thread/INFO]: [Rcon: Changed the block at -169, 100, 95]
[13:05:11] [Server thread/INFO]: [Rcon: Changed the block at -184, 100, 96]
[13:05:11] [Server thread/INFO]: [Rcon: Changed the block at -169, 100, 96]
[13:05:11] [Server thread/INFO]: [Rcon: Changed the block at -184, 100, 97]
[13:05:11] [Server thread/INFO]: [Rcon: Changed the block at -169, 100, 97]
[13:05:11] [Server thread/INFO]: [Rcon: Changed the block at -184, 101, 85]
[13:05:12] [Server thread/INFO]: [Rcon: Changed the block at -184, 101, 98]
[13:05:12] [Server thread/INFO]: [Rcon: Changed the block at -183, 101, 85]
[13:05:12] [Server thread/INFO]: [Rcon: Changed the block at -183, 101, 98]
[13:05:12] [Server thread/INFO]: [Rcon: Changed the block at -182, 101, 85]
[13:05:12] [Server thread/INFO]: [Rcon: Changed the block at -182, 101, 98]
[13:05:12] [Server thread/INFO]: [Rcon: Changed the block at -181, 101, 85]
[13:05:12] [Server thread/INFO]: [Rcon: Changed the block at -181, 101, 98]
[13:05:12] [Server thread/INFO]: [Rcon: Changed the block at -180, 101, 85]
[13:05:12] [Server thread/INFO]: [Rcon: Changed the block at -180, 101, 98]
[13:05:12] [Server thread/INFO]: [Rcon: Changed the block at -179, 101, 85]
[13:05:12] [Server thread/INFO]: [Rcon: Changed the block at -179, 101, 98]
[13:05:12] [Server thread/INFO]: [Rcon: Changed the block at -178, 101, 85]
[13:05:12] [Server thread/INFO]: [Rcon: Changed the block at -178, 101, 98]
[13:05:12] [Server thread/INFO]: [Rcon: Changed the block at -177, 101, 85]
[13:05:12] [Server thread/INFO]: [Rcon: Changed the block at -177, 101, 98]
[13:05:12] [Server thread/INFO]: [Rcon: Changed the block at -176, 101, 85]
[13:05:12] [Server thread/INFO]: [Rcon: Changed the block at -176, 101, 98]
[13:05:12] [Server thread/INFO]: [Rcon: Changed the block at -175, 101, 85]
[13:05:12] [Server thread/INFO]: [Rcon: Changed the block at -175, 101, 98]
[13:05:12] [Server thread/INFO]: [Rcon: Changed the block at -174, 101, 85]
[13:05:12] [Server thread/INFO]: [Rcon: Changed the block at -174, 101, 98]
[13:05:12] [Server thread/INFO]: [Rcon: Changed the block at -173, 101, 85]
[13:05:12] [Server thread/INFO]: [Rcon: Changed the block at -173, 101, 98]
[13:05:12] [Server thread/INFO]: [Rcon: Changed the block at -172, 101, 85]
[13:05:12] [Server thread/INFO]: [Rcon: Changed the block at -172, 101, 98]
[13:05:12] [Server thread/INFO]: [Rcon: Changed the block at -171, 101, 85]
[13:05:12] [Server thread/INFO]: [Rcon: Changed the block at -171, 101, 98]
[13:05:12] [Server thread/INFO]: [Rcon: Changed the block at -170, 101, 85]
[13:05:12] [Server thread/INFO]: [Rcon: Changed the block at -170, 101, 98]
[13:05:12] [Server thread/INFO]: [Rcon: Changed the block at -169, 101, 85]
[13:05:12] [Server thread/INFO]: [Rcon: Changed the block at -169, 101, 98]
[13:05:12] [Server thread/INFO]: [Rcon: Changed the block at -184, 101, 86]
[13:05:12] [Server thread/INFO]: [Rcon: Changed the block at -169, 101, 86]
[13:05:12] [Server thread/INFO]: [Rcon: Changed the block at -184, 101, 87]
[13:05:12] [Server thread/INFO]: [Rcon: Changed the block at -169, 101, 87]
[13:05:12] [Server thread/INFO]: [Rcon: Changed the block at -184, 101, 88]
[13:05:12] [Server thread/INFO]: [Rcon: Changed the block at -169, 101, 88]
[13:05:12] [Server thread/INFO]: [Rcon: Changed the block at -184, 101, 89]
[13:05:12] [Server thread/INFO]: [Rcon: Changed the block at -169, 101, 89]
[13:05:12] [Server thread/INFO]: [Rcon: Changed the block at -184, 101, 90]
[13:05:12] [Server thread/INFO]: [Rcon: Changed the block at -169, 101, 90]
[13:05:12] [Server thread/INFO]: [Rcon: Changed the block at -184, 101, 91]
[13:05:12] [Server thread/INFO]: [Rcon: Changed the block at -169, 101, 91]
[13:05:12] [Server thread/INFO]: [Rcon: Changed the block at -184, 101, 92]
[13:05:12] [Server thread/INFO]: [Rcon: Changed the block at -169, 101, 92]
[13:05:12] [Server thread/INFO]: [Rcon: Changed the block at -184, 101, 93]
[13:05:12] [Server thread/INFO]: [Rcon: Changed the block at -169, 101, 93]
[13:05:12] [Server thread/INFO]: [Rcon: Changed the block at -184, 101, 94]
[13:05:12] [Server thread/INFO]: [Rcon: Changed the block at -169, 101, 94]
[13:05:12] [Server thread/INFO]: [Rcon: Changed the block at -184, 101, 95]
[13:05:12] [Server thread/INFO]: [Rcon: Changed the block at -169, 101, 95]
[13:05:12] [Server thread/INFO]: [Rcon: Changed the block at -184, 101, 96]
[13:05:12] [Server thread/INFO]: [Rcon: Changed the block at -169, 101, 96]
[13:05:12] [Server thread/INFO]: [Rcon: Changed the block at -184, 101, 97]
[13:05:12] [Server thread/INFO]: [Rcon: Changed the block at -169, 101, 97]
[13:05:12] [Server thread/INFO]: [Rcon: Changed the block at -176, 98, 85]
[13:05:12] [Server thread/INFO]: [Rcon: Changed the block at -177, 98, 85]
[13:05:12] [Server thread/INFO]: [Rcon: Changed the block at -175, 98, 85]
[13:05:12] [Server thread/INFO]: [Rcon: Changed the block at -176, 99, 85]
[13:05:12] [Server thread/INFO]: [Rcon: Changed the block at -177, 99, 85]
[13:05:12] [Server thread/INFO]: [Rcon: Changed the block at -175, 99, 85]
[13:05:12] [Server thread/INFO]: [Rcon: Changed the block at -176, 100, 85]
[13:05:12] [Server thread/INFO]: [Rcon: Changed the block at -177, 100, 85]
[13:05:12] [Server thread/INFO]: [Rcon: Changed the block at -175, 100, 85]
[13:05:12] [Server thread/INFO]: [Rcon: Changed the block at -184, 102, 85]
[13:05:12] [Server thread/INFO]: [Rcon: Changed the block at -184, 102, 98]
[13:05:12] [Server thread/INFO]: [Rcon: Changed the block at -182, 102, 85]
[13:05:12] [Server thread/INFO]: [Rcon: Changed the block at -182, 102, 98]
[13:05:12] [Server thread/INFO]: [Rcon: Changed the block at -180, 102, 85]
[13:05:12] [Server thread/INFO]: [Rcon: Changed the block at -180, 102, 98]
[13:05:12] [Server thread/INFO]: [Rcon: Changed the block at -178, 102, 85]
[13:05:12] [Server thread/INFO]: [Rcon: Changed the block at -178, 102, 98]
[13:05:12] [Server thread/INFO]: [Rcon: Changed the block at -176, 102, 85]
[13:05:12] [Server thread/INFO]: [Rcon: Changed the block at -176, 102, 98]
[13:05:12] [Server thread/INFO]: [Rcon: Changed the block at -174, 102, 85]
[13:05:12] [Server thread/INFO]: [Rcon: Changed the block at -174, 102, 98]
[13:05:12] [Server thread/INFO]: [Rcon: Changed the block at -172, 102, 85]
[13:05:12] [Server thread/INFO]: [Rcon: Changed the block at -172, 102, 98]
[13:05:12] [Server thread/INFO]: [Rcon: Changed the block at -170, 102, 85]
[13:05:12] [Server thread/INFO]: [Rcon: Changed the block at -170, 102, 98]
[13:05:12] [Server thread/INFO]: [Rcon: Changed the block at -169, 102, 85]
[13:05:12] [Server thread/INFO]: [Rcon: Changed the block at -184, 102, 87]
[13:05:12] [Server thread/INFO]: [Rcon: Changed the block at -169, 102, 87]
[13:05:12] [Server thread/INFO]: [Rcon: Changed the block at -184, 102, 89]
[13:05:12] [Server thread/INFO]: [Rcon: Changed the block at -169, 102, 89]
[13:05:12] [Server thread/INFO]: [Rcon: Changed the block at -184, 102, 91]
[13:05:12] [Server thread/INFO]: [Rcon: Changed the block at -169, 102, 91]
[13:05:12] [Server thread/INFO]: [Rcon: Changed the block at -184, 102, 93]
[13:05:12] [Server thread/INFO]: [Rcon: Changed the block at -169, 102, 93]
[13:05:12] [Server thread/INFO]: [Rcon: Changed the block at -184, 102, 95]
[13:05:12] [Server thread/INFO]: [Rcon: Changed the block at -169, 102, 95]
[13:05:12] [Server thread/INFO]: [Rcon: Changed the block at -184, 102, 97]
[13:05:12] [Server thread/INFO]: [Rcon: Changed the block at -169, 102, 97]
[13:05:13] [Server thread/INFO]: [Rcon: Successfully filled 640 block(s)]
[13:05:13] [Server thread/INFO]: [Rcon: Successfully filled 288 block(s)]
[13:05:13] [Server thread/INFO]: [Rcon: Changed the block at -176, 98, 88]
[13:05:13] [Server thread/INFO]: [Rcon: Changed the block at -176, 99, 88]
[13:05:13] [Server thread/INFO]: [Rcon: Changed the block at -176, 100, 88]
[13:05:13] [Server thread/INFO]: [Rcon: Successfully filled 80 block(s)]
[13:05:13] [Server thread/INFO]: [Rcon: Changed the block at -181, 106, 88]
[13:05:13] [Server thread/INFO]: [Rcon: Changed the block at -181, 106, 95]
[13:05:13] [Server thread/INFO]: [Rcon: Changed the block at -180, 106, 88]
[13:05:13] [Server thread/INFO]: [Rcon: Changed the block at -180, 106, 95]
[13:05:13] [Server thread/INFO]: [Rcon: Changed the block at -179, 106, 88]
[13:05:13] [Server thread/INFO]: [Rcon: Changed the block at -179, 106, 95]
[13:05:13] [Server thread/INFO]: [Rcon: Changed the block at -178, 106, 88]
[13:05:13] [Server thread/INFO]: [Rcon: Changed the block at -178, 106, 95]
[13:05:13] [Server thread/INFO]: [Rcon: Changed the block at -177, 106, 88]
[13:05:13] [Server thread/INFO]: [Rcon: Changed the block at -177, 106, 95]
[13:05:13] [Server thread/INFO]: [Rcon: Changed the block at -176, 106, 88]
[13:05:13] [Server thread/INFO]: [Rcon: Changed the block at -176, 106, 95]
[13:05:13] [Server thread/INFO]: [Rcon: Changed the block at -175, 106, 88]
[13:05:13] [Server thread/INFO]: [Rcon: Changed the block at -175, 106, 95]
[13:05:13] [Server thread/INFO]: [Rcon: Changed the block at -174, 106, 88]
[13:05:13] [Server thread/INFO]: [Rcon: Changed the block at -174, 106, 95]
[13:05:13] [Server thread/INFO]: [Rcon: Changed the block at -173, 106, 88]
[13:05:13] [Server thread/INFO]: [Rcon: Changed the block at -173, 106, 95]
[13:05:13] [Server thread/INFO]: [Rcon: Changed the block at -172, 106, 88]
[13:05:13] [Server thread/INFO]: [Rcon: Changed the block at -172, 106, 95]
[13:05:13] [Server thread/INFO]: [Rcon: Changed the block at -181, 106, 89]
[13:05:13] [Server thread/INFO]: [Rcon: Changed the block at -172, 106, 89]
[13:05:13] [Server thread/INFO]: [Rcon: Changed the block at -181, 106, 90]
[13:05:13] [Server thread/INFO]: [Rcon: Changed the block at -172, 106, 90]
[13:05:13] [Server thread/INFO]: [Rcon: Changed the block at -181, 106, 91]
[13:05:13] [Server thread/INFO]: [Rcon: Changed the block at -172, 106, 91]
[13:05:13] [Server thread/INFO]: [Rcon: Changed the block at -181, 106, 92]
[13:05:13] [Server thread/INFO]: [Rcon: Changed the block at -172, 106, 92]
[13:05:13] [Server thread/INFO]: [Rcon: Changed the block at -181, 106, 93]
[13:05:13] [Server thread/INFO]: [Rcon: Changed the block at -172, 106, 93]
[13:05:13] [Server thread/INFO]: [Rcon: Changed the block at -181, 106, 94]
[13:05:13] [Server thread/INFO]: [Rcon: Changed the block at -172, 106, 94]
[13:05:13] [Server thread/INFO]: [Rcon: Changed the block at -181, 107, 88]
[13:05:13] [Server thread/INFO]: [Rcon: Changed the block at -181, 107, 95]
[13:05:13] [Server thread/INFO]: [Rcon: Changed the block at -179, 107, 88]
[13:05:13] [Server thread/INFO]: [Rcon: Changed the block at -179, 107, 95]
[13:05:13] [Server thread/INFO]: [Rcon: Changed the block at -177, 107, 88]
[13:05:13] [Server thread/INFO]: [Rcon: Changed the block at -177, 107, 95]
[13:05:13] [Server thread/INFO]: [Rcon: Changed the block at -175, 107, 88]
[13:05:13] [Server thread/INFO]: [Rcon: Changed the block at -175, 107, 95]
[13:05:13] [Server thread/INFO]: [Rcon: Changed the block at -173, 107, 88]
[13:05:13] [Server thread/INFO]: [Rcon: Changed the block at -173, 107, 95]
[13:05:13] [Server thread/INFO]: [Rcon: Changed the block at -172, 107, 88]
[13:05:13] [Server thread/INFO]: [Rcon: Changed the block at -181, 107, 90]
[13:05:13] [Server thread/INFO]: [Rcon: Changed the block at -172, 107, 90]
[13:05:13] [Server thread/INFO]: [Rcon: Changed the block at -181, 107, 92]
[13:05:13] [Server thread/INFO]: [Rcon: Changed the block at -172, 107, 92]
[13:05:13] [Server thread/INFO]: [Rcon: Changed the block at -181, 107, 94]
[13:05:13] [Server thread/INFO]: [Rcon: Changed the block at -172, 107, 94]
[13:05:13] [Server thread/INFO]: [Rcon: Changed the block at -180, 100, 90]
[13:05:13] [Server thread/INFO]: [Rcon: Changed the block at -173, 100, 90]
[13:05:13] [Server thread/INFO]: [Rcon: Changed the block at -180, 98, 89]
[13:05:13] [Server thread/INFO]: [Rcon: Changed the block at -180, 98, 94]
[13:05:13] [Server thread/INFO]: [Rcon: Changed the block at -173, 98, 94]
[13:05:13] [Server thread/INFO]: [Rcon: Changed the block at -180, 100, 89]
[13:05:13] [Server thread/INFO]: [Rcon: Changed the block at -173, 100, 89]
[13:05:13] [Server thread/INFO]: [Rcon: Changed the block at -176, 104, 92]
[13:05:13] [Server thread/INFO]: [Rcon: Changed the block at -176, 103, 92]
[13:05:13] [Server thread/INFO]: [Rcon: Summoned new Iron Golem]
[13:05:14] [Server thread/INFO]: [Rcon: Successfully filled 3000 block(s)]
[13:05:14] [Server thread/INFO]: [Rcon: Successfully filled 300 block(s)]
[13:05:14] [Server thread/INFO]: [Rcon: Successfully filled 1872 block(s)]
[13:05:14] [Server thread/INFO]: [Rcon: Changed the block at -220, 97, 83]
[13:05:14] [Server thread/INFO]: [Rcon: Changed the block at -220, 97, 85]
[13:05:14] [Server thread/INFO]: [Rcon: Changed the block at -220, 97, 87]
[13:05:14] [Server thread/INFO]: [Rcon: Changed the block at -220, 97, 89]
[13:05:14] [Server thread/INFO]: [Rcon: Changed the block at -220, 97, 91]
[13:05:14] [Server thread/INFO]: [Rcon: Changed the block at -220, 97, 93]
[13:05:15] [Server thread/INFO]: [Rcon: Changed the block at -220, 97, 95]
[13:05:15] [Server thread/INFO]: [Rcon: Changed the block at -220, 97, 97]
[13:05:15] [Server thread/INFO]: [Rcon: Changed the block at -220, 97, 99]
[13:05:15] [Server thread/INFO]: [Rcon: Changed the block at -219, 97, 84]
[13:05:15] [Server thread/INFO]: [Rcon: Changed the block at -219, 97, 86]
[13:05:15] [Server thread/INFO]: [Rcon: Changed the block at -219, 97, 88]
[13:05:15] [Server thread/INFO]: [Rcon: Changed the block at -219, 97, 90]
[13:05:15] [Server thread/INFO]: [Rcon: Changed the block at -219, 97, 92]
[13:05:15] [Server thread/INFO]: [Rcon: Changed the block at -219, 97, 94]
[13:05:15] [Server thread/INFO]: [Rcon: Changed the block at -219, 97, 96]
[13:05:15] [Server thread/INFO]: [Rcon: Changed the block at -219, 97, 98]
[13:05:15] [Server thread/INFO]: [Rcon: Changed the block at -219, 97, 100]
[13:05:15] [Server thread/INFO]: [Rcon: Changed the block at -218, 97, 83]
[13:05:15] [Server thread/INFO]: [Rcon: Changed the block at -218, 97, 85]
[13:05:15] [Server thread/INFO]: [Rcon: Changed the block at -218, 97, 87]
[13:05:15] [Server thread/INFO]: [Rcon: Changed the block at -218, 97, 89]
[13:05:15] [Server thread/INFO]: [Rcon: Changed the block at -218, 97, 91]
[13:05:15] [Server thread/INFO]: [Rcon: Changed the block at -218, 97, 93]
[13:05:15] [Server thread/INFO]: [Rcon: Changed the block at -218, 97, 95]
[13:05:15] [Server thread/INFO]: [Rcon: Changed the block at -218, 97, 97]
[13:05:15] [Server thread/INFO]: [Rcon: Changed the block at -218, 97, 99]
[13:05:15] [Server thread/INFO]: [Rcon: Changed the block at -217, 97, 84]
[13:05:15] [Server thread/INFO]: [Rcon: Changed the block at -217, 97, 86]
[13:05:15] [Server thread/INFO]: [Rcon: Changed the block at -217, 97, 88]
[13:05:15] [Server thread/INFO]: [Rcon: Changed the block at -217, 97, 90]
[13:05:15] [Server thread/INFO]: [Rcon: Changed the block at -217, 97, 92]
[13:05:15] [Server thread/INFO]: [Rcon: Changed the block at -217, 97, 94]
[13:05:15] [Server thread/INFO]: [Rcon: Changed the block at -217, 97, 96]
[13:05:15] [Server thread/INFO]: [Rcon: Changed the block at -217, 97, 98]
[13:05:15] [Server thread/INFO]: [Rcon: Changed the block at -217, 97, 100]
[13:05:15] [Server thread/INFO]: [Rcon: Changed the block at -216, 97, 83]
[13:05:15] [Server thread/INFO]: [Rcon: Changed the block at -216, 97, 85]
[13:05:15] [Server thread/INFO]: [Rcon: Changed the block at -216, 97, 87]
[13:05:15] [Server thread/INFO]: [Rcon: Changed the block at -216, 97, 89]
[13:05:15] [Server thread/INFO]: [Rcon: Changed the block at -216, 97, 91]
[13:05:15] [Server thread/INFO]: [Rcon: Changed the block at -216, 97, 93]
[13:05:15] [Server thread/INFO]: [Rcon: Changed the block at -216, 97, 95]
[13:05:15] [Server thread/INFO]: [Rcon: Changed the block at -216, 97, 97]
[13:05:15] [Server thread/INFO]: [Rcon: Changed the block at -216, 97, 99]
[13:05:15] [Server thread/INFO]: [Rcon: Changed the block at -215, 97, 84]
[13:05:15] [Server thread/INFO]: [Rcon: Changed the block at -215, 97, 86]
[13:05:15] [Server thread/INFO]: [Rcon: Changed the block at -215, 97, 88]
[13:05:15] [Server thread/INFO]: [Rcon: Changed the block at -215, 97, 90]
[13:05:15] [Server thread/INFO]: [Rcon: Changed the block at -215, 97, 92]
[13:05:15] [Server thread/INFO]: [Rcon: Changed the block at -215, 97, 94]
[13:05:15] [Server thread/INFO]: [Rcon: Changed the block at -215, 97, 96]
[13:05:15] [Server thread/INFO]: [Rcon: Changed the block at -215, 97, 98]
[13:05:15] [Server thread/INFO]: [Rcon: Changed the block at -215, 97, 100]
[13:05:15] [Server thread/INFO]: [Rcon: Changed the block at -214, 97, 83]
[13:05:15] [Server thread/INFO]: [Rcon: Changed the block at -214, 97, 85]
[13:05:15] [Server thread/INFO]: [Rcon: Changed the block at -214, 97, 87]
[13:05:15] [Server thread/INFO]: [Rcon: Changed the block at -214, 97, 89]
[13:05:15] [Server thread/INFO]: [Rcon: Changed the block at -214, 97, 91]
[13:05:15] [Server thread/INFO]: [Rcon: Changed the block at -214, 97, 93]
[13:05:15] [Server thread/INFO]: [Rcon: Changed the block at -214, 97, 95]
[13:05:15] [Server thread/INFO]: [Rcon: Changed the block at -214, 97, 97]
[13:05:15] [Server thread/INFO]: [Rcon: Changed the block at -214, 97, 99]
[13:05:15] [Server thread/INFO]: [Rcon: Changed the block at -213, 97, 84]
[13:05:15] [Server thread/INFO]: [Rcon: Changed the block at -213, 97, 86]
[13:05:16] [Server thread/INFO]: [Rcon: Changed the block at -213, 97, 88]
[13:05:16] [Server thread/INFO]: [Rcon: Changed the block at -213, 97, 90]
[13:05:16] [Server thread/INFO]: [Rcon: Changed the block at -213, 97, 92]
[13:05:16] [Server thread/INFO]: [Rcon: Changed the block at -213, 97, 94]
[13:05:16] [Server thread/INFO]: [Rcon: Changed the block at -213, 97, 96]
[13:05:16] [Server thread/INFO]: [Rcon: Changed the block at -213, 97, 98]
[13:05:16] [Server thread/INFO]: [Rcon: Changed the block at -213, 97, 100]
[13:05:16] [Server thread/INFO]: [Rcon: Changed the block at -212, 97, 83]
[13:05:16] [Server thread/INFO]: [Rcon: Changed the block at -212, 97, 85]
[13:05:16] [Server thread/INFO]: [Rcon: Changed the block at -212, 97, 87]
[13:05:16] [Server thread/INFO]: [Rcon: Changed the block at -212, 97, 89]
[13:05:16] [Server thread/INFO]: [Rcon: Changed the block at -212, 97, 91]
[13:05:16] [Server thread/INFO]: [Rcon: Changed the block at -212, 97, 93]
[13:05:16] [Server thread/INFO]: [Rcon: Changed the block at -212, 97, 95]
[13:05:16] [Server thread/INFO]: [Rcon: Changed the block at -212, 97, 97]
[13:05:16] [Server thread/INFO]: [Rcon: Changed the block at -212, 97, 99]
[13:05:16] [Server thread/INFO]: [Rcon: Changed the block at -211, 97, 84]
[13:05:16] [Server thread/INFO]: [Rcon: Changed the block at -211, 97, 86]
[13:05:16] [Server thread/INFO]: [Rcon: Changed the block at -211, 97, 88]
[13:05:16] [Server thread/INFO]: [Rcon: Changed the block at -211, 97, 90]
[13:05:16] [Server thread/INFO]: [Rcon: Changed the block at -211, 97, 92]
[13:05:16] [Server thread/INFO]: [Rcon: Changed the block at -211, 97, 94]
[13:05:16] [Server thread/INFO]: [Rcon: Changed the block at -211, 97, 96]
[13:05:16] [Server thread/INFO]: [Rcon: Changed the block at -211, 97, 98]
[13:05:16] [Server thread/INFO]: [Rcon: Changed the block at -211, 97, 100]
[13:05:16] [Server thread/INFO]: [Rcon: Changed the block at -210, 97, 83]
[13:05:16] [Server thread/INFO]: [Rcon: Changed the block at -210, 97, 85]
[13:05:16] [Server thread/INFO]: [Rcon: Changed the block at -210, 97, 87]
[13:05:16] [Server thread/INFO]: [Rcon: Changed the block at -210, 97, 89]
[13:05:16] [Server thread/INFO]: [Rcon: Changed the block at -210, 97, 91]
[13:05:16] [Server thread/INFO]: [Rcon: Changed the block at -210, 97, 93]
[13:05:16] [Server thread/INFO]: [Rcon: Changed the block at -210, 97, 95]
[13:05:16] [Server thread/INFO]: [Rcon: Changed the block at -210, 97, 97]
[13:05:16] [Server thread/INFO]: [Rcon: Changed the block at -210, 97, 99]
[13:05:16] [Server thread/INFO]: [Rcon: Changed the block at -209, 97, 84]
[13:05:16] [Server thread/INFO]: [Rcon: Changed the block at -209, 97, 86]
[13:05:16] [Server thread/INFO]: [Rcon: Changed the block at -209, 97, 88]
[13:05:16] [Server thread/INFO]: [Rcon: Changed the block at -209, 97, 90]
[13:05:16] [Server thread/INFO]: [Rcon: Changed the block at -209, 97, 92]
[13:05:16] [Server thread/INFO]: [Rcon: Changed the block at -209, 97, 94]
[13:05:16] [Server thread/INFO]: [Rcon: Changed the block at -209, 97, 96]
[13:05:16] [Server thread/INFO]: [Rcon: Changed the block at -209, 97, 98]
[13:05:16] [Server thread/INFO]: [Rcon: Changed the block at -209, 97, 100]
[13:05:16] [Server thread/INFO]: [Rcon: Changed the block at -208, 97, 83]
[13:05:16] [Server thread/INFO]: [Rcon: Changed the block at -208, 97, 85]
[13:05:16] [Server thread/INFO]: [Rcon: Changed the block at -208, 97, 87]
[13:05:16] [Server thread/INFO]: [Rcon: Changed the block at -208, 97, 89]
[13:05:16] [Server thread/INFO]: [Rcon: Changed the block at -208, 97, 91]
[13:05:16] [Server thread/INFO]: [Rcon: Changed the block at -208, 97, 93]
[13:05:16] [Server thread/INFO]: [Rcon: Changed the block at -208, 97, 95]
[13:05:16] [Server thread/INFO]: [Rcon: Changed the block at -208, 97, 97]
[13:05:16] [Server thread/INFO]: [Rcon: Changed the block at -208, 97, 99]
[13:05:16] [Server thread/INFO]: [Rcon: Changed the block at -219, 99, 82]
[13:05:16] [Server thread/INFO]: [Rcon: Changed the block at -219, 99, 101]
[13:05:16] [Server thread/INFO]: [Rcon: Changed the block at -219, 100, 82]
[13:05:16] [Server thread/INFO]: [Rcon: Changed the block at -219, 100, 101]
[13:05:16] [Server thread/INFO]: [Rcon: Changed the block at -219, 101, 82]
[13:05:16] [Server thread/INFO]: [Rcon: Changed the block at -219, 101, 101]
[13:05:16] [Server thread/INFO]: [Rcon: Changed the block at -215, 99, 82]
[13:05:16] [Server thread/INFO]: [Rcon: Changed the block at -215, 99, 101]
[13:05:16] [Server thread/INFO]: [Rcon: Changed the block at -215, 100, 82]
[13:05:16] [Server thread/INFO]: [Rcon: Changed the block at -215, 100, 101]
[13:05:16] [Server thread/INFO]: [Rcon: Changed the block at -215, 101, 82]
[13:05:16] [Server thread/INFO]: [Rcon: Changed the block at -215, 101, 101]
[13:05:16] [Server thread/INFO]: [Rcon: Changed the block at -211, 99, 82]
[13:05:16] [Server thread/INFO]: [Rcon: Changed the block at -211, 99, 101]
[13:05:16] [Server thread/INFO]: [Rcon: Changed the block at -211, 100, 82]
[13:05:16] [Server thread/INFO]: [Rcon: Changed the block at -211, 100, 101]
[13:05:16] [Server thread/INFO]: [Rcon: Changed the block at -211, 101, 82]
[13:05:16] [Server thread/INFO]: [Rcon: Changed the block at -211, 101, 101]
[13:05:16] [Server thread/INFO]: [Rcon: Changed the block at -221, 99, 84]
[13:05:16] [Server thread/INFO]: [Rcon: Changed the block at -207, 99, 84]
[13:05:16] [Server thread/INFO]: [Rcon: Changed the block at -221, 100, 84]
[13:05:16] [Server thread/INFO]: [Rcon: Changed the block at -207, 100, 84]
[13:05:16] [Server thread/INFO]: [Rcon: Changed the block at -221, 101, 84]
[13:05:16] [Server thread/INFO]: [Rcon: Changed the block at -207, 101, 84]
[13:05:16] [Server thread/INFO]: [Rcon: Changed the block at -221, 99, 88]
[13:05:16] [Server thread/INFO]: [Rcon: Changed the block at -207, 99, 88]
[13:05:16] [Server thread/INFO]: [Rcon: Changed the block at -221, 100, 88]
[13:05:16] [Server thread/INFO]: [Rcon: Changed the block at -207, 100, 88]
[13:05:16] [Server thread/INFO]: [Rcon: Changed the block at -221, 101, 88]
[13:05:16] [Server thread/INFO]: [Rcon: Changed the block at -207, 101, 88]
[13:05:16] [Server thread/INFO]: [Rcon: Changed the block at -221, 99, 92]
[13:05:16] [Server thread/INFO]: [Rcon: Changed the block at -207, 99, 92]
[13:05:16] [Server thread/INFO]: [Rcon: Changed the block at -221, 100, 92]
[13:05:16] [Server thread/INFO]: [Rcon: Changed the block at -207, 100, 92]
[13:05:16] [Server thread/INFO]: [Rcon: Changed the block at -221, 101, 92]
[13:05:16] [Server thread/INFO]: [Rcon: Changed the block at -207, 101, 92]
[13:05:16] [Server thread/INFO]: [Rcon: Changed the block at -221, 99, 96]
[13:05:16] [Server thread/INFO]: [Rcon: Changed the block at -207, 99, 96]
[13:05:16] [Server thread/INFO]: [Rcon: Changed the block at -221, 100, 96]
[13:05:16] [Server thread/INFO]: [Rcon: Changed the block at -207, 100, 96]
[13:05:16] [Server thread/INFO]: [Rcon: Changed the block at -221, 101, 96]
[13:05:16] [Server thread/INFO]: [Rcon: Changed the block at -207, 101, 96]
[13:05:16] [Server thread/INFO]: [Rcon: Successfully filled 300 block(s)]
[13:05:16] [Server thread/INFO]: [Rcon: Changed the block at -221, 108, 82]
[13:05:16] [Server thread/INFO]: [Rcon: Changed the block at -221, 108, 101]
[13:05:16] [Server thread/INFO]: [Rcon: Changed the block at -220, 108, 82]
[13:05:16] [Server thread/INFO]: [Rcon: Changed the block at -220, 108, 101]
[13:05:16] [Server thread/INFO]: [Rcon: Changed the block at -219, 108, 82]
[13:05:16] [Server thread/INFO]: [Rcon: Changed the block at -219, 108, 101]
[13:05:16] [Server thread/INFO]: [Rcon: Changed the block at -218, 108, 82]
[13:05:16] [Server thread/INFO]: [Rcon: Changed the block at -218, 108, 101]
[13:05:16] [Server thread/INFO]: [Rcon: Changed the block at -217, 108, 82]
[13:05:16] [Server thread/INFO]: [Rcon: Changed the block at -217, 108, 101]
[13:05:17] [Server thread/INFO]: [Rcon: Changed the block at -216, 108, 82]
[13:05:17] [Server thread/INFO]: [Rcon: Changed the block at -216, 108, 101]
[13:05:17] [Server thread/INFO]: [Rcon: Changed the block at -215, 108, 82]
[13:05:17] [Server thread/INFO]: [Rcon: Changed the block at -215, 108, 101]
[13:05:17] [Server thread/INFO]: [Rcon: Changed the block at -214, 108, 82]
[13:05:17] [Server thread/INFO]: [Rcon: Changed the block at -214, 108, 101]
[13:05:17] [Server thread/INFO]: [Rcon: Changed the block at -213, 108, 82]
[13:05:17] [Server thread/INFO]: [Rcon: Changed the block at -213, 108, 101]
[13:05:17] [Server thread/INFO]: [Rcon: Changed the block at -212, 108, 82]
[13:05:17] [Server thread/INFO]: [Rcon: Changed the block at -212, 108, 101]
[13:05:17] [Server thread/INFO]: [Rcon: Changed the block at -211, 108, 82]
[13:05:17] [Server thread/INFO]: [Rcon: Changed the block at -211, 108, 101]
[13:05:17] [Server thread/INFO]: [Rcon: Changed the block at -210, 108, 82]
[13:05:17] [Server thread/INFO]: [Rcon: Changed the block at -210, 108, 101]
[13:05:17] [Server thread/INFO]: [Rcon: Changed the block at -209, 108, 82]
[13:05:17] [Server thread/INFO]: [Rcon: Changed the block at -209, 108, 101]
[13:05:17] [Server thread/INFO]: [Rcon: Changed the block at -208, 108, 82]
[13:05:17] [Server thread/INFO]: [Rcon: Changed the block at -208, 108, 101]
[13:05:17] [Server thread/INFO]: [Rcon: Changed the block at -207, 108, 82]
[13:05:17] [Server thread/INFO]: [Rcon: Changed the block at -207, 108, 101]
[13:05:17] [Server thread/INFO]: [Rcon: Changed the block at -221, 108, 83]
[13:05:17] [Server thread/INFO]: [Rcon: Changed the block at -207, 108, 83]
[13:05:17] [Server thread/INFO]: [Rcon: Changed the block at -221, 108, 84]
[13:05:17] [Server thread/INFO]: [Rcon: Changed the block at -207, 108, 84]
[13:05:17] [Server thread/INFO]: [Rcon: Changed the block at -221, 108, 85]
[13:05:17] [Server thread/INFO]: [Rcon: Changed the block at -207, 108, 85]
[13:05:17] [Server thread/INFO]: [Rcon: Changed the block at -221, 108, 86]
[13:05:17] [Server thread/INFO]: [Rcon: Changed the block at -207, 108, 86]
[13:05:17] [Server thread/INFO]: [Rcon: Changed the block at -221, 108, 87]
[13:05:17] [Server thread/INFO]: [Rcon: Changed the block at -207, 108, 87]
[13:05:17] [Server thread/INFO]: [Rcon: Changed the block at -221, 108, 88]
[13:05:17] [Server thread/INFO]: [Rcon: Changed the block at -207, 108, 88]
[13:05:17] [Server thread/INFO]: [Rcon: Changed the block at -221, 108, 89]
[13:05:17] [Server thread/INFO]: [Rcon: Changed the block at -207, 108, 89]
[13:05:17] [Server thread/INFO]: [Rcon: Changed the block at -221, 108, 90]
[13:05:17] [Server thread/INFO]: [Rcon: Changed the block at -207, 108, 90]
[13:05:17] [Server thread/INFO]: [Rcon: Changed the block at -221, 108, 91]
[13:05:17] [Server thread/INFO]: [Rcon: Changed the block at -207, 108, 91]
[13:05:17] [Server thread/INFO]: [Rcon: Changed the block at -221, 108, 92]
[13:05:17] [Server thread/INFO]: [Rcon: Changed the block at -207, 108, 92]
[13:05:17] [Server thread/INFO]: [Rcon: Changed the block at -221, 108, 93]
[13:05:17] [Server thread/INFO]: [Rcon: Changed the block at -207, 108, 93]
[13:05:17] [Server thread/INFO]: [Rcon: Changed the block at -221, 108, 94]
[13:05:17] [Server thread/INFO]: [Rcon: Changed the block at -207, 108, 94]
[13:05:17] [Server thread/INFO]: [Rcon: Changed the block at -221, 108, 95]
[13:05:17] [Server thread/INFO]: [Rcon: Changed the block at -207, 108, 95]
[13:05:17] [Server thread/INFO]: [Rcon: Changed the block at -221, 108, 96]
[13:05:17] [Server thread/INFO]: [Rcon: Changed the block at -207, 108, 96]
[13:05:17] [Server thread/INFO]: [Rcon: Changed the block at -221, 108, 97]
[13:05:17] [Server thread/INFO]: [Rcon: Changed the block at -207, 108, 97]
[13:05:17] [Server thread/INFO]: [Rcon: Changed the block at -221, 108, 98]
[13:05:17] [Server thread/INFO]: [Rcon: Changed the block at -207, 108, 98]
[13:05:17] [Server thread/INFO]: [Rcon: Changed the block at -221, 108, 99]
[13:05:17] [Server thread/INFO]: [Rcon: Changed the block at -207, 108, 99]
[13:05:17] [Server thread/INFO]: [Rcon: Changed the block at -221, 108, 100]
[13:05:17] [Server thread/INFO]: [Rcon: Changed the block at -207, 108, 100]
[13:05:17] [Server thread/INFO]: [Rcon: Changed the block at -221, 109, 82]
[13:05:17] [Server thread/INFO]: [Rcon: Changed the block at -221, 109, 101]
[13:05:17] [Server thread/INFO]: [Rcon: Changed the block at -219, 109, 82]
[13:05:17] [Server thread/INFO]: [Rcon: Changed the block at -219, 109, 101]
[13:05:17] [Server thread/INFO]: [Rcon: Changed the block at -217, 109, 82]
[13:05:17] [Server thread/INFO]: [Rcon: Changed the block at -217, 109, 101]
[13:05:17] [Server thread/INFO]: [Rcon: Changed the block at -215, 109, 82]
[13:05:17] [Server thread/INFO]: [Rcon: Changed the block at -215, 109, 101]
[13:05:17] [Server thread/INFO]: [Rcon: Changed the block at -213, 109, 82]
[13:05:17] [Server thread/INFO]: [Rcon: Changed the block at -213, 109, 101]
[13:05:17] [Server thread/INFO]: [Rcon: Changed the block at -211, 109, 82]
[13:05:17] [Server thread/INFO]: [Rcon: Changed the block at -211, 109, 101]
[13:05:17] [Server thread/INFO]: [Rcon: Changed the block at -209, 109, 82]
[13:05:17] [Server thread/INFO]: [Rcon: Changed the block at -209, 109, 101]
[13:05:17] [Server thread/INFO]: [Rcon: Changed the block at -207, 109, 82]
[13:05:17] [Server thread/INFO]: [Rcon: Changed the block at -207, 109, 101]
[13:05:17] [Server thread/INFO]: [Rcon: Changed the block at -221, 109, 84]
[13:05:17] [Server thread/INFO]: [Rcon: Changed the block at -207, 109, 84]
[13:05:17] [Server thread/INFO]: [Rcon: Changed the block at -221, 109, 86]
[13:05:17] [Server thread/INFO]: [Rcon: Changed the block at -207, 109, 86]
[13:05:17] [Server thread/INFO]: [Rcon: Changed the block at -221, 109, 88]
[13:05:17] [Server thread/INFO]: [Rcon: Changed the block at -207, 109, 88]
[13:05:17] [Server thread/INFO]: [Rcon: Changed the block at -221, 109, 90]
[13:05:17] [Server thread/INFO]: [Rcon: Changed the block at -207, 109, 90]
[13:05:17] [Server thread/INFO]: [Rcon: Changed the block at -221, 109, 92]
[13:05:17] [Server thread/INFO]: [Rcon: Changed the block at -207, 109, 92]
[13:05:17] [Server thread/INFO]: [Rcon: Changed the block at -221, 109, 94]
[13:05:17] [Server thread/INFO]: [Rcon: Changed the block at -207, 109, 94]
[13:05:17] [Server thread/INFO]: [Rcon: Changed the block at -221, 109, 96]
[13:05:17] [Server thread/INFO]: [Rcon: Changed the block at -207, 109, 96]
[13:05:17] [Server thread/INFO]: [Rcon: Changed the block at -221, 109, 98]
[13:05:17] [Server thread/INFO]: [Rcon: Changed the block at -207, 109, 98]
[13:05:17] [Server thread/INFO]: [Rcon: Changed the block at -221, 109, 100]
[13:05:17] [Server thread/INFO]: [Rcon: Changed the block at -207, 109, 100]
[13:05:17] [Server thread/INFO]: [Rcon: Changed the block at -220, 100, 84]
[13:05:17] [Server thread/INFO]: [Rcon: Changed the block at -208, 100, 84]
[13:05:17] [Server thread/INFO]: [Rcon: Changed the block at -220, 100, 89]
[13:05:17] [Server thread/INFO]: [Rcon: Changed the block at -208, 100, 89]
[13:05:17] [Server thread/INFO]: [Rcon: Changed the block at -220, 100, 94]
[13:05:18] [Server thread/INFO]: [Rcon: Changed the block at -208, 100, 94]
[13:05:18] [Server thread/INFO]: [Rcon: Changed the block at -220, 100, 99]
[13:05:18] [Server thread/INFO]: [Rcon: Changed the block at -208, 100, 99]
[13:05:18] [Server thread/INFO]: [Rcon: Changed the block at -214, 105, 86]
[13:05:18] [Server thread/INFO]: [Rcon: Changed the block at -214, 104, 86]
[13:05:18] [Server thread/INFO]: [Rcon: Changed the block at -214, 105, 92]
[13:05:18] [Server thread/INFO]: [Rcon: Changed the block at -214, 104, 92]
[13:05:18] [Server thread/INFO]: [Rcon: Changed the block at -214, 105, 98]
[13:05:18] [Server thread/INFO]: [Rcon: Changed the block at -214, 104, 98]
[13:05:18] [Server thread/INFO]: [Rcon: Changed the block at -220, 98, 100]
[13:05:18] [Server thread/INFO]: [Rcon: Changed the block at -208, 98, 100]
[13:05:18] [Server thread/INFO]: [Rcon: Changed the block at -214, 98, 88]
[13:05:18] [Server thread/INFO]: [Rcon: Changed the block at -211, 98, 87]
[13:05:18] [Server thread/INFO]: [Rcon: Changed the block at -213, 98, 96]
[13:05:18] [Server thread/INFO]: [Rcon: Changed the block at -214, 98, 84]
[13:05:18] [Server thread/INFO]: [Rcon: Changed the block at -215, 98, 85]
[13:05:18] [Server thread/INFO]: [Rcon: Changed the block at -210, 98, 92]
[13:05:18] [Server thread/INFO]: [Rcon: Changed the block at -209, 98, 91]
[13:05:18] [Server thread/INFO]: [Rcon: Changed the block at -212, 98, 98]
[13:05:18] [Server thread/INFO]: [Rcon: Changed the block at -214, 98, 99]
[13:05:18] [Server thread/INFO]: [Rcon: Changed the block at -214, 99, 99]
[13:05:18] [Server thread/INFO]: [Rcon: Changed the block at -214, 100, 99]
[13:05:18] [Server thread/INFO]: [Rcon: Changed the block at -214, 98, 87]
[13:05:18] [Server thread/INFO]: [Rcon: Changed the block at -214, 98, 90]
[13:05:18] [Server thread/INFO]: [Rcon: Changed the block at -214, 98, 93]
[13:05:18] [Server thread/INFO]: [Rcon: Changed the block at -214, 98, 96]
[13:05:18] [Server thread/INFO]: [Rcon: Changed the block at -218, 106, 87]
[13:05:18] [Server thread/INFO]: [Rcon: Changed the block at -210, 106, 87]
[13:05:18] [Server thread/INFO]: [Rcon: Changed the block at -218, 106, 97]
[13:05:18] [Server thread/INFO]: [Rcon: Changed the block at -210, 106, 97]
[13:05:18] [Server thread/INFO]: [Rcon: Changed the block at -218, 105, 87]
[13:05:18] [Server thread/INFO]: [Rcon: Changed the block at -210, 105, 87]
[13:05:18] [Server thread/INFO]: [Rcon: Summoned new Villager]
[13:05:19] [Server thread/INFO]: [Rcon: Summoned new Iron Golem]
[13:05:19] [Server thread/INFO]: [Rcon: Changed the block at -208, 98, 100]
[13:05:19] [Server thread/INFO]: [Rcon: Modified block data of -208, 98, 100]
[13:05:19] [Server thread/INFO]: [Rcon: Changed the block at -216, 97, 82]
[13:05:19] [Server thread/INFO]: [Rcon: Changed the block at -216, 98, 82]
[13:05:19] [Server thread/INFO]: [Rcon: Changed the block at -216, 99, 82]
[13:05:19] [Server thread/INFO]: [Rcon: Changed the block at -215, 97, 82]
[13:05:19] [Server thread/INFO]: [Rcon: Changed the block at -215, 98, 82]
[13:05:19] [Server thread/INFO]: [Rcon: Changed the block at -215, 99, 82]
[13:05:19] [Server thread/INFO]: [Rcon: Changed the block at -214, 97, 82]
[13:05:19] [Server thread/INFO]: [Rcon: Changed the block at -214, 98, 82]
[13:05:19] [Server thread/INFO]: [Rcon: Changed the block at -214, 99, 82]
[13:05:19] [Server thread/INFO]: [Rcon: Changed the block at -213, 97, 82]
[13:05:19] [Server thread/INFO]: [Rcon: Changed the block at -213, 98, 82]
[13:05:19] [Server thread/INFO]: [Rcon: Changed the block at -213, 99, 82]
[13:05:19] [Server thread/INFO]: [Rcon: Changed the block at -212, 97, 82]
[13:05:19] [Server thread/INFO]: [Rcon: Changed the block at -212, 98, 82]
[13:05:19] [Server thread/INFO]: [Rcon: Changed the block at -212, 99, 82]
[13:05:19] [Server thread/INFO]: [Rcon: Changed the block at -216, 97, 83]
[13:05:19] [Server thread/INFO]: [Rcon: Changed the block at -215, 97, 83]
[13:05:19] [Server thread/INFO]: [Rcon: Changed the block at -214, 97, 83]
[13:05:19] [Server thread/INFO]: [Rcon: Changed the block at -213, 97, 83]
[13:05:19] [Server thread/INFO]: [Rcon: Changed the block at -212, 97, 83]
[13:05:19] [Server thread/INFO]: [Rcon: Changed the block at -216, 97, 84]
[13:05:19] [Server thread/INFO]: [Rcon: Changed the block at -215, 97, 84]
[13:05:20] [Server thread/INFO]: [Rcon: Changed the block at -214, 97, 84]
[13:05:20] [Server thread/INFO]: [Rcon: Changed the block at -214, 98, 84]
[13:05:20] [Server thread/INFO]: [Rcon: Changed the block at -213, 97, 84]
[13:05:20] [Server thread/INFO]: [Rcon: Changed the block at -212, 97, 84]
[13:05:20] [Server thread/INFO]: [Rcon: Changed the block at -216, 97, 85]
[13:05:20] [Server thread/INFO]: [Rcon: Changed the block at -215, 97, 85]
[13:05:20] [Server thread/INFO]: [Rcon: Changed the block at -215, 98, 85]
[13:05:20] [Server thread/INFO]: [Rcon: Changed the block at -214, 97, 85]
[13:05:20] [Server thread/INFO]: [Rcon: Changed the block at -213, 97, 85]
[13:05:20] [Server thread/INFO]: [Rcon: Changed the block at -212, 97, 85]
[13:05:20] [Server thread/INFO]: [Rcon: Changed the block at -216, 97, 86]
[13:05:20] [Server thread/INFO]: [Rcon: Changed the block at -215, 97, 86]
[13:05:20] [Server thread/INFO]: [Rcon: Changed the block at -214, 97, 86]
[13:05:20] [Server thread/INFO]: [Rcon: Changed the block at -213, 97, 86]
[13:05:20] [Server thread/INFO]: [Rcon: Changed the block at -212, 97, 86]
[13:05:20] [Server thread/INFO]: [Rcon: Changed the block at -216, 97, 87]
[13:05:20] [Server thread/INFO]: [Rcon: Changed the block at -215, 97, 87]
[13:05:20] [Server thread/INFO]: [Rcon: Changed the block at -214, 97, 87]
[13:05:20] [Server thread/INFO]: [Rcon: Changed the block at -214, 98, 87]
[13:05:20] [Server thread/INFO]: [Rcon: Changed the block at -213, 97, 87]
[13:05:20] [Server thread/INFO]: [Rcon: Changed the block at -212, 97, 87]
[13:05:20] [Server thread/INFO]: [Rcon: Changed the block at -216, 97, 88]
[13:05:20] [Server thread/INFO]: [Rcon: Changed the block at -215, 97, 88]
[13:05:20] [Server thread/INFO]: [Rcon: Changed the block at -214, 97, 88]
[13:05:20] [Server thread/INFO]: [Rcon: Changed the block at -214, 98, 88]
[13:05:21] [Server thread/INFO]: [Rcon: Changed the block at -213, 97, 88]
[13:05:21] [Server thread/INFO]: [Rcon: Changed the block at -212, 97, 88]
[13:05:21] [Server thread/INFO]: [Rcon: Changed the block at -216, 97, 89]
[13:05:21] [Server thread/INFO]: [Rcon: Changed the block at -215, 97, 89]
[13:05:21] [Server thread/INFO]: [Rcon: Changed the block at -214, 97, 89]
[13:05:21] [Server thread/INFO]: [Rcon: Changed the block at -213, 97, 89]
[13:05:21] [Server thread/INFO]: [Rcon: Changed the block at -212, 97, 89]
[13:05:21] [Server thread/INFO]: [Rcon: Changed the block at -216, 97, 90]
[13:05:21] [Server thread/INFO]: [Rcon: Changed the block at -215, 97, 90]
[13:05:21] [Server thread/INFO]: [Rcon: Changed the block at -214, 97, 90]
[13:05:21] [Server thread/INFO]: [Rcon: Changed the block at -214, 98, 90]
[13:05:21] [Server thread/INFO]: [Rcon: Changed the block at -213, 97, 90]
[13:05:21] [Server thread/INFO]: [Rcon: Changed the block at -212, 97, 90]
[13:05:21] [Server thread/INFO]: [Rcon: Changed the block at -216, 97, 91]
[13:05:21] [Server thread/INFO]: [Rcon: Changed the block at -215, 97, 91]
[13:05:21] [Server thread/INFO]: [Rcon: Changed the block at -214, 97, 91]
[13:05:21] [Server thread/INFO]: [Rcon: Changed the block at -213, 97, 91]
[13:05:21] [Server thread/INFO]: [Rcon: Changed the block at -212, 97, 91]
[13:05:21] [Server thread/INFO]: [Rcon: Changed the block at -216, 97, 92]
[13:05:21] [Server thread/INFO]: [Rcon: Changed the block at -215, 97, 92]
[13:05:21] [Server thread/INFO]: [Rcon: Changed the block at -214, 97, 92]
[13:05:21] [Server thread/INFO]: [Rcon: Changed the block at -213, 97, 92]
[13:05:21] [Server thread/INFO]: [Rcon: Changed the block at -212, 97, 92]
[13:05:22] [Server thread/INFO]: [Rcon: Changed the block at -216, 97, 93]
[13:05:22] [Server thread/INFO]: [Rcon: Changed the block at -215, 97, 93]
[13:05:22] [Server thread/INFO]: [Rcon: Changed the block at -214, 97, 93]
[13:05:22] [Server thread/INFO]: [Rcon: Changed the block at -214, 98, 93]
[13:05:22] [Server thread/INFO]: [Rcon: Changed the block at -213, 97, 93]
[13:05:22] [Server thread/INFO]: [Rcon: Changed the block at -212, 97, 93]
[13:05:22] [Server thread/INFO]: [Rcon: Changed the block at -216, 97, 94]
[13:05:22] [Server thread/INFO]: [Rcon: Changed the block at -215, 97, 94]
[13:05:22] [Server thread/INFO]: [Rcon: Changed the block at -214, 97, 94]
[13:05:22] [Server thread/INFO]: [Rcon: Changed the block at -213, 97, 94]
[13:05:22] [Server thread/INFO]: [Rcon: Changed the block at -212, 97, 94]
[13:05:22] [Server thread/INFO]: [Rcon: Changed the block at -216, 97, 95]
[13:05:22] [Server thread/INFO]: [Rcon: Changed the block at -215, 97, 95]
[13:05:22] [Server thread/INFO]: [Rcon: Changed the block at -214, 97, 95]
[13:05:22] [Server thread/INFO]: [Rcon: Changed the block at -213, 97, 95]
[13:05:22] [Server thread/INFO]: [Rcon: Changed the block at -212, 97, 95]
[13:05:22] [Server thread/INFO]: [Rcon: Changed the block at -216, 97, 96]
[13:05:22] [Server thread/INFO]: [Rcon: Changed the block at -215, 97, 96]
[13:05:22] [Server thread/INFO]: [Rcon: Changed the block at -214, 97, 96]
[13:05:22] [Server thread/INFO]: [Rcon: Changed the block at -214, 98, 96]
[13:05:22] [Server thread/INFO]: [Rcon: Changed the block at -213, 97, 96]
[13:05:22] [Server thread/INFO]: [Rcon: Changed the block at -213, 98, 96]
[13:05:22] [Server thread/INFO]: [Rcon: Changed the block at -212, 97, 96]
[13:05:22] [Server thread/INFO]: [Rcon: Changed the block at -216, 97, 97]
[13:05:22] [Server thread/INFO]: [Rcon: Changed the block at -215, 97, 97]
[13:05:22] [Server thread/INFO]: [Rcon: Changed the block at -214, 97, 97]
[13:05:22] [Server thread/INFO]: [Rcon: Changed the block at -213, 97, 97]
[13:05:22] [Server thread/INFO]: [Rcon: Changed the block at -212, 97, 97]
[13:05:22] [Server thread/INFO]: [Rcon: Changed the block at -216, 97, 98]
[13:05:22] [Server thread/INFO]: [Rcon: Changed the block at -215, 97, 98]
[13:05:22] [Server thread/INFO]: [Rcon: Changed the block at -214, 97, 98]
[13:05:22] [Server thread/INFO]: [Rcon: Changed the block at -213, 97, 98]
[13:05:22] [Server thread/INFO]: [Rcon: Changed the block at -212, 97, 98]
[13:05:22] [Server thread/INFO]: [Rcon: Changed the block at -212, 98, 98]
[13:05:22] [Server thread/INFO]: [Rcon: Changed the block at -216, 97, 99]
[13:05:22] [Server thread/INFO]: [Rcon: Changed the block at -215, 97, 99]
[13:05:22] [Server thread/INFO]: [Rcon: Changed the block at -214, 97, 99]
[13:05:22] [Server thread/INFO]: [Rcon: Changed the block at -214, 98, 99]
[13:05:22] [Server thread/INFO]: [Rcon: Changed the block at -214, 99, 99]
[13:05:22] [Server thread/INFO]: [Rcon: Changed the block at -213, 97, 99]
[13:05:22] [Server thread/INFO]: [Rcon: Changed the block at -212, 97, 99]
[13:05:22] [Server thread/INFO]: [Rcon: Changed the block at -216, 97, 100]
[13:05:22] [Server thread/INFO]: [Rcon: Changed the block at -215, 97, 100]
[13:05:22] [Server thread/INFO]: [Rcon: Changed the block at -214, 97, 100]
[13:05:22] [Server thread/INFO]: [Rcon: Changed the block at -213, 97, 100]
[13:05:22] [Server thread/INFO]: [Rcon: Changed the block at -212, 97, 100]
[13:05:22] [Server thread/INFO]: [Rcon: Changed the block at -216, 97, 101]
[13:05:22] [Server thread/INFO]: [Rcon: Changed the block at -216, 98, 101]
[13:05:22] [Server thread/INFO]: [Rcon: Changed the block at -216, 99, 101]
[13:05:22] [Server thread/INFO]: [Rcon: Changed the block at -215, 97, 101]
[13:05:22] [Server thread/INFO]: [Rcon: Changed the block at -215, 98, 101]
[13:05:22] [Server thread/INFO]: [Rcon: Changed the block at -215, 99, 101]
[13:05:22] [Server thread/INFO]: [Rcon: Changed the block at -214, 97, 101]
[13:05:22] [Server thread/INFO]: [Rcon: Changed the block at -214, 98, 101]
[13:05:22] [Server thread/INFO]: [Rcon: Changed the block at -214, 99, 101]
[13:05:22] [Server thread/INFO]: [Rcon: Changed the block at -213, 97, 101]
[13:05:22] [Server thread/INFO]: [Rcon: Changed the block at -213, 98, 101]
[13:05:23] [Server thread/INFO]: [Rcon: Changed the block at -213, 99, 101]
[13:05:23] [Server thread/INFO]: [Rcon: Changed the block at -212, 97, 101]
[13:05:23] [Server thread/INFO]: [Rcon: Changed the block at -212, 98, 101]
[13:05:23] [Server thread/INFO]: [Rcon: Changed the block at -212, 99, 101]
[13:05:23] [Server thread/INFO]: [Rcon: Changed the block at -217, 98, 83]
[13:05:23] [Server thread/INFO]: [Rcon: Changed the block at -211, 98, 83]
[13:05:23] [Server thread/INFO]: [Rcon: Changed the block at -217, 98, 87]
[13:05:23] [Server thread/INFO]: [Rcon: Changed the block at -211, 98, 87]
[13:05:23] [Server thread/INFO]: [Rcon: Changed the block at -217, 98, 91]
[13:05:23] [Server thread/INFO]: [Rcon: Changed the block at -211, 98, 91]
[13:05:23] [Server thread/INFO]: [Rcon: Changed the block at -217, 98, 95]
[13:05:23] [Server thread/INFO]: [Rcon: Changed the block at -211, 98, 95]
[13:05:23] [Server thread/INFO]: [Rcon: Changed the block at -217, 98, 99]
[13:05:23] [Server thread/INFO]: [Rcon: Changed the block at -211, 98, 99]
[13:05:23] [Server thread/INFO]: [Rcon: Changed the block at -232, 97, 91]
[13:05:23] [Server thread/INFO]: [Rcon: Changed the block at -232, 97, 92]
[13:05:23] [Server thread/INFO]: [Rcon: Changed the block at -232, 97, 93]
[13:05:23] [Server thread/INFO]: [Rcon: Changed the block at -231, 97, 91]
[13:05:23] [Server thread/INFO]: [Rcon: Changed the block at -231, 97, 92]
[13:05:23] [Server thread/INFO]: [Rcon: Changed the block at -231, 97, 93]
[13:05:23] [Server thread/INFO]: [Rcon: Changed the block at -230, 97, 91]
[13:05:23] [Server thread/INFO]: [Rcon: Changed the block at -230, 97, 92]
[13:05:23] [Server thread/INFO]: [Rcon: Changed the block at -230, 97, 93]
[13:05:23] [Server thread/INFO]: [Rcon: Changed the block at -229, 97, 91]
[13:05:23] [Server thread/INFO]: [Rcon: Changed the block at -229, 97, 92]
[13:05:23] [Server thread/INFO]: [Rcon: Changed the block at -229, 97, 93]
[13:05:23] [Server thread/INFO]: [Rcon: Changed the block at -228, 97, 91]
[13:05:23] [Server thread/INFO]: [Rcon: Changed the block at -228, 97, 92]
[13:05:23] [Server thread/INFO]: [Rcon: Changed the block at -228, 97, 93]
[13:05:24] [Server thread/INFO]: [Rcon: Changed the block at -227, 97, 91]
[13:05:24] [Server thread/INFO]: [Rcon: Changed the block at -227, 97, 92]
[13:05:24] [Server thread/INFO]: [Rcon: Changed the block at -227, 97, 93]
[13:05:24] [Server thread/INFO]: [Rcon: Changed the block at -226, 97, 91]
[13:05:24] [Server thread/INFO]: [Rcon: Changed the block at -226, 97, 92]
[13:05:24] [Server thread/INFO]: [Rcon: Changed the block at -226, 97, 93]
[13:05:24] [Server thread/INFO]: [Rcon: Changed the block at -225, 97, 91]
[13:05:24] [Server thread/INFO]: [Rcon: Changed the block at -225, 97, 92]
[13:05:24] [Server thread/INFO]: [Rcon: Changed the block at -225, 97, 93]
[13:05:24] [Server thread/INFO]: [Rcon: Changed the block at -224, 97, 91]
[13:05:24] [Server thread/INFO]: [Rcon: Changed the block at -224, 97, 92]
[13:05:24] [Server thread/INFO]: [Rcon: Changed the block at -224, 97, 93]
[13:05:24] [Server thread/INFO]: [Rcon: Changed the block at -223, 97, 91]
[13:05:24] [Server thread/INFO]: [Rcon: Changed the block at -223, 97, 92]
[13:05:24] [Server thread/INFO]: [Rcon: Changed the block at -223, 97, 93]
[13:05:24] [Server thread/INFO]: [Rcon: Changed the block at -222, 97, 91]
[13:05:24] [Server thread/INFO]: [Rcon: Changed the block at -222, 97, 92]
[13:05:24] [Server thread/INFO]: [Rcon: Changed the block at -222, 97, 93]
[13:05:24] [Server thread/INFO]: [Rcon: Changed the block at -221, 97, 91]
[13:05:24] [Server thread/INFO]: [Rcon: Changed the block at -221, 98, 91]
[13:05:24] [Server thread/INFO]: [Rcon: Changed the block at -221, 97, 92]
[13:05:24] [Server thread/INFO]: [Rcon: Changed the block at -221, 98, 92]
[13:05:24] [Server thread/INFO]: [Rcon: Changed the block at -221, 97, 93]
[13:05:24] [Server thread/INFO]: [Rcon: Changed the block at -221, 98, 93]
[13:05:24] [Server thread/INFO]: [Rcon: Changed the block at -220, 97, 91]
[13:05:24] [Server thread/INFO]: [Rcon: Changed the block at -220, 97, 92]
[13:05:24] [Server thread/INFO]: [Rcon: Changed the block at -220, 97, 93]
[13:05:24] [Server thread/INFO]: [Rcon: Changed the block at -219, 97, 91]
[13:05:24] [Server thread/INFO]: [Rcon: Changed the block at -219, 97, 92]
[13:05:24] [Server thread/INFO]: [Rcon: Changed the block at -219, 97, 93]
[13:05:24] [Server thread/INFO]: [Rcon: Changed the block at -218, 97, 91]
[13:05:24] [Server thread/INFO]: [Rcon: Changed the block at -218, 97, 92]
[13:05:25] [Server thread/INFO]: [Rcon: Changed the block at -218, 97, 93]
[13:05:25] [Server thread/INFO]: [Rcon: Changed the block at -217, 97, 91]
[13:05:25] [Server thread/INFO]: [Rcon: Changed the block at -217, 98, 91]
[13:05:25] [Server thread/INFO]: [Rcon: Changed the block at -217, 97, 92]
[13:05:25] [Server thread/INFO]: [Rcon: Changed the block at -217, 97, 93]
[13:05:25] [RCON Client /127.0.0.1 #2/INFO]: Thread RCON Client /127.0.0.1 shutting down
[13:05:25] [Server thread/INFO]: [ylopVEVO: [NemoCraft] Built "Stoneguard Keep" with 2 rooms!]
[13:18:55] [Server thread/WARN]: Can't keep up! Is the server overloaded? Running 2236ms or 44 ticks behind
[13:19:04] [RCON Listener #1/INFO]: Thread RCON Client /127.0.0.1 started
[13:19:04] [Server thread/INFO]: [Rcon: Successfully filled 6 block(s)]
[13:19:05] [Server thread/INFO]: [Rcon: Successfully filled 1440 block(s)]
[13:19:05] [Server thread/INFO]: [Rcon: Successfully filled 144 block(s)]
[13:19:05] [Server thread/INFO]: [Rcon: Successfully filled 800 block(s)]
[13:19:05] [Server thread/INFO]: [Rcon: Changed the block at -199, 97, 69]
[13:19:05] [Server thread/INFO]: [Rcon: Changed the block at -199, 97, 78]
[13:19:05] [Server thread/INFO]: [Rcon: Changed the block at -198, 97, 69]
[13:19:05] [Server thread/INFO]: [Rcon: Changed the block at -198, 97, 78]
[13:19:05] [Server thread/INFO]: [Rcon: Changed the block at -197, 97, 69]
[13:19:05] [Server thread/INFO]: [Rcon: Changed the block at -197, 97, 78]
[13:19:05] [Server thread/INFO]: [Rcon: Changed the block at -196, 97, 69]
[13:19:05] [Server thread/INFO]: [Rcon: Changed the block at -196, 97, 78]
[13:19:05] [Server thread/INFO]: [Rcon: Changed the block at -195, 97, 69]
[13:19:05] [Server thread/INFO]: [Rcon: Changed the block at -195, 97, 78]
[13:19:05] [Server thread/INFO]: [Rcon: Changed the block at -194, 97, 69]
[13:19:05] [Server thread/INFO]: [Rcon: Changed the block at -194, 97, 78]
[13:19:06] [Server thread/INFO]: [Rcon: Changed the block at -193, 97, 69]
[13:19:06] [Server thread/INFO]: [Rcon: Changed the block at -193, 97, 78]
[13:19:06] [Server thread/INFO]: [Rcon: Changed the block at -192, 97, 69]
[13:19:06] [Server thread/INFO]: [Rcon: Changed the block at -192, 97, 78]
[13:19:06] [Server thread/INFO]: [Rcon: Changed the block at -191, 97, 69]
[13:19:06] [Server thread/INFO]: [Rcon: Changed the block at -191, 97, 78]
[13:19:06] [Server thread/INFO]: [Rcon: Changed the block at -190, 97, 69]
[13:19:06] [Server thread/INFO]: [Rcon: Changed the block at -190, 97, 78]
[13:19:06] [Server thread/INFO]: [Rcon: Changed the block at -199, 97, 70]
[13:19:06] [Server thread/INFO]: [Rcon: Changed the block at -190, 97, 70]
[13:19:06] [Server thread/INFO]: [Rcon: Changed the block at -199, 97, 71]
[13:19:06] [Server thread/INFO]: [Rcon: Changed the block at -190, 97, 71]
[13:19:06] [Server thread/INFO]: [Rcon: Changed the block at -199, 97, 72]
[13:19:06] [Server thread/INFO]: [Rcon: Changed the block at -190, 97, 72]
[13:19:06] [Server thread/INFO]: [Rcon: Changed the block at -199, 97, 73]
[13:19:06] [Server thread/INFO]: [Rcon: Changed the block at -190, 97, 73]
[13:19:06] [Server thread/INFO]: [Rcon: Changed the block at -199, 97, 74]
[13:19:06] [Server thread/INFO]: [Rcon: Changed the block at -190, 97, 74]
[13:19:06] [Server thread/INFO]: [Rcon: Changed the block at -199, 97, 75]
[13:19:06] [Server thread/INFO]: [Rcon: Changed the block at -190, 97, 75]
[13:19:06] [Server thread/INFO]: [Rcon: Changed the block at -199, 97, 76]
[13:19:06] [Server thread/INFO]: [Rcon: Changed the block at -190, 97, 76]
[13:19:06] [Server thread/INFO]: [Rcon: Changed the block at -199, 97, 77]
[13:19:06] [Server thread/INFO]: [Rcon: Changed the block at -190, 97, 77]
[13:19:06] [Server thread/INFO]: [Rcon: Changed the block at -200, 98, 70]
[13:19:07] [Server thread/INFO]: [Rcon: Changed the block at -200, 99, 70]
[13:19:07] [Server thread/INFO]: [Rcon: Changed the block at -200, 98, 70]
[13:19:07] [Server thread/INFO]: [Rcon: Changed the block at -189, 98, 70]
[13:19:07] [Server thread/INFO]: [Rcon: Changed the block at -189, 99, 70]
[13:19:07] [Server thread/INFO]: [Rcon: Changed the block at -200, 98, 73]
[13:19:07] [Server thread/INFO]: [Rcon: Changed the block at -200, 99, 73]
[13:19:07] [Server thread/INFO]: [Rcon: Changed the block at -200, 98, 73]
[13:19:07] [Server thread/INFO]: [Rcon: Changed the block at -189, 98, 73]
[13:19:07] [Server thread/INFO]: [Rcon: Changed the block at -189, 99, 73]
[13:19:07] [Server thread/INFO]: [Rcon: Changed the block at -189, 98, 73]
[13:19:07] [Server thread/INFO]: [Rcon: Changed the block at -200, 98, 76]
[13:19:07] [Server thread/INFO]: [Rcon: Changed the block at -200, 99, 76]
[13:19:07] [Server thread/INFO]: [Rcon: Changed the block at -189, 98, 76]
[13:19:07] [Server thread/INFO]: [Rcon: Changed the block at -189, 99, 76]
[13:19:07] [Server thread/INFO]: [Rcon: Changed the block at -189, 98, 76]
[13:19:07] [Server thread/INFO]: [Rcon: Changed the block at -199, 105, 69]
[13:19:07] [Server thread/INFO]: [Rcon: Changed the block at -199, 105, 70]
[13:19:07] [Server thread/INFO]: [Rcon: Changed the block at -199, 105, 71]
[13:19:07] [Server thread/INFO]: [Rcon: Changed the block at -199, 105, 72]
[13:19:07] [Server thread/INFO]: [Rcon: Changed the block at -199, 105, 73]
[13:19:07] [Server thread/INFO]: [Rcon: Changed the block at -199, 105, 74]
[13:19:07] [Server thread/INFO]: [Rcon: Changed the block at -199, 105, 75]
[13:19:07] [Server thread/INFO]: [Rcon: Changed the block at -199, 105, 76]
[13:19:07] [Server thread/INFO]: [Rcon: Changed the block at -199, 105, 77]
[13:19:07] [Server thread/INFO]: [Rcon: Changed the block at -199, 105, 78]
[13:19:07] [Server thread/INFO]: [Rcon: Changed the block at -190, 105, 69]
[13:19:07] [Server thread/INFO]: [Rcon: Changed the block at -190, 105, 70]
[13:19:07] [Server thread/INFO]: [Rcon: Changed the block at -190, 105, 71]
[13:19:07] [Server thread/INFO]: [Rcon: Changed the block at -190, 105, 72]
[13:19:07] [Server thread/INFO]: [Rcon: Changed the block at -190, 105, 73]
[13:19:07] [Server thread/INFO]: [Rcon: Changed the block at -190, 105, 74]
[13:19:07] [Server thread/INFO]: [Rcon: Changed the block at -190, 105, 75]
[13:19:07] [Server thread/INFO]: [Rcon: Changed the block at -190, 105, 76]
[13:19:07] [Server thread/INFO]: [Rcon: Changed the block at -190, 105, 77]
[13:19:07] [Server thread/INFO]: [Rcon: Changed the block at -190, 105, 78]
[13:19:07] [Server thread/INFO]: [Rcon: Changed the block at -191, 98, 74]
[13:19:07] [Server thread/INFO]: [Rcon: Changed the block at -197, 98, 70]
[13:19:07] [Server thread/INFO]: [Rcon: Changed the block at -195, 98, 77]
[13:19:07] [Server thread/INFO]: [Rcon: Changed the block at -193, 98, 77]
[13:19:07] [Server thread/INFO]: [Rcon: Changed the block at -198, 98, 76]
[13:19:07] [Server thread/INFO]: [Rcon: Changed the block at -199, 98, 71]
[13:19:07] [Server thread/INFO]: [Rcon: Changed the block at -190, 98, 71]
[13:19:07] [Server thread/INFO]: [Rcon: Changed the block at -199, 98, 76]
[13:19:07] [Server thread/INFO]: [Rcon: Changed the block at -190, 98, 76]
[13:19:07] [Server thread/INFO]: [Rcon: Changed the block at -194, 98, 68]
[13:19:07] [Server thread/INFO]: [Rcon: Changed the block at -194, 99, 68]
[13:19:08] [Server thread/INFO]: [Rcon: Changed the block at -195, 98, 68]
[13:19:08] [Server thread/INFO]: [Rcon: Changed the block at -195, 99, 68]
[13:19:08] [Server thread/INFO]: [Rcon: Changed the block at -193, 98, 68]
[13:19:08] [Server thread/INFO]: [Rcon: Changed the block at -193, 99, 68]
[13:19:08] [Server thread/INFO]: [Rcon: Changed the block at -194, 100, 68]
[13:19:08] [Server thread/INFO]: [Rcon: Successfully filled 144 block(s)]
[13:19:08] [Server thread/INFO]: [Rcon: Changed the block at -200, 108, 68]
[13:19:08] [Server thread/INFO]: [Rcon: Changed the block at -200, 108, 79]
[13:19:08] [Server thread/INFO]: [Rcon: Changed the block at -199, 108, 68]
[13:19:08] [Server thread/INFO]: [Rcon: Changed the block at -199, 108, 79]
[13:19:08] [Server thread/INFO]: [Rcon: Changed the block at -198, 108, 68]
[13:19:08] [Server thread/INFO]: [Rcon: Changed the block at -198, 108, 79]
[13:19:08] [Server thread/INFO]: [Rcon: Changed the block at -197, 108, 68]
[13:19:08] [Server thread/INFO]: [Rcon: Changed the block at -197, 108, 79]
[13:19:08] [Server thread/INFO]: [Rcon: Changed the block at -196, 108, 68]
[13:19:08] [Server thread/INFO]: [Rcon: Changed the block at -196, 108, 79]
[13:19:08] [Server thread/INFO]: [Rcon: Changed the block at -195, 108, 68]
[13:19:08] [Server thread/INFO]: [Rcon: Changed the block at -195, 108, 79]
[13:19:08] [Server thread/INFO]: [Rcon: Changed the block at -194, 108, 68]
[13:19:08] [Server thread/INFO]: [Rcon: Changed the block at -194, 108, 79]
[13:19:08] [Server thread/INFO]: [Rcon: Changed the block at -193, 108, 68]
[13:19:08] [Server thread/INFO]: [Rcon: Changed the block at -193, 108, 79]
[13:19:08] [Server thread/INFO]: [Rcon: Changed the block at -192, 108, 68]
[13:19:09] [Server thread/INFO]: [Rcon: Changed the block at -192, 108, 79]
[13:19:09] [Server thread/INFO]: [Rcon: Changed the block at -191, 108, 68]
[13:19:09] [Server thread/INFO]: [Rcon: Changed the block at -191, 108, 79]
[13:19:09] [Server thread/INFO]: [Rcon: Changed the block at -190, 108, 68]
[13:19:09] [Server thread/INFO]: [Rcon: Changed the block at -190, 108, 79]
[13:19:09] [Server thread/INFO]: [Rcon: Changed the block at -189, 108, 68]
[13:19:09] [Server thread/INFO]: [Rcon: Changed the block at -189, 108, 79]
[13:19:09] [Server thread/INFO]: [Rcon: Changed the block at -200, 108, 69]
[13:19:09] [Server thread/INFO]: [Rcon: Changed the block at -189, 108, 69]
[13:19:09] [Server thread/INFO]: [Rcon: Changed the block at -200, 108, 70]
[13:19:09] [Server thread/INFO]: [Rcon: Changed the block at -189, 108, 70]
[13:19:09] [Server thread/INFO]: [Rcon: Changed the block at -200, 108, 71]
[13:19:09] [Server thread/INFO]: [Rcon: Changed the block at -189, 108, 71]
[13:19:09] [Server thread/INFO]: [Rcon: Changed the block at -200, 108, 72]
[13:19:09] [Server thread/INFO]: [Rcon: Changed the block at -189, 108, 72]
[13:19:09] [Server thread/INFO]: [Rcon: Changed the block at -200, 108, 73]
[13:19:09] [Server thread/INFO]: [Rcon: Changed the block at -189, 108, 73]
[13:19:09] [Server thread/INFO]: [Rcon: Changed the block at -200, 108, 74]
[13:19:09] [Server thread/INFO]: [Rcon: Changed the block at -189, 108, 74]
[13:19:09] [Server thread/INFO]: [Rcon: Changed the block at -200, 108, 75]
[13:19:09] [Server thread/INFO]: [Rcon: Changed the block at -189, 108, 75]
[13:19:09] [Server thread/INFO]: [Rcon: Changed the block at -200, 108, 76]
[13:19:09] [Server thread/INFO]: [Rcon: Changed the block at -189, 108, 76]
[13:19:09] [Server thread/INFO]: [Rcon: Changed the block at -200, 108, 77]
[13:19:09] [Server thread/INFO]: [Rcon: Changed the block at -189, 108, 77]
[13:19:09] [Server thread/INFO]: [Rcon: Changed the block at -200, 108, 78]
[13:19:09] [Server thread/INFO]: [Rcon: Changed the block at -189, 108, 78]
[13:19:09] [Server thread/INFO]: [Rcon: Changed the block at -200, 109, 68]
[13:19:09] [Server thread/INFO]: [Rcon: Changed the block at -200, 109, 79]
[13:19:10] [Server thread/INFO]: [Rcon: Changed the block at -198, 109, 68]
[13:19:10] [Server thread/INFO]: [Rcon: Changed the block at -198, 109, 79]
[13:19:10] [Server thread/INFO]: [Rcon: Changed the block at -196, 109, 68]
[13:19:10] [Server thread/INFO]: [Rcon: Changed the block at -196, 109, 79]
[13:19:10] [Server thread/INFO]: [Rcon: Changed the block at -194, 109, 68]
[13:19:10] [Server thread/INFO]: [Rcon: Changed the block at -194, 109, 79]
[13:19:10] [Server thread/INFO]: [Rcon: Changed the block at -192, 109, 68]
[13:19:10] [Server thread/INFO]: [Rcon: Changed the block at -192, 109, 79]
[13:19:10] [Server thread/INFO]: [Rcon: Changed the block at -190, 109, 68]
[13:19:10] [Server thread/INFO]: [Rcon: Changed the block at -190, 109, 79]
[13:19:10] [Server thread/INFO]: [Rcon: Changed the block at -189, 109, 68]
[13:19:10] [Server thread/INFO]: [Rcon: Changed the block at -200, 109, 70]
[13:19:10] [Server thread/INFO]: [Rcon: Changed the block at -189, 109, 70]
[13:19:10] [Server thread/INFO]: [Rcon: Changed the block at -200, 109, 72]
[13:19:10] [Server thread/INFO]: [Rcon: Changed the block at -189, 109, 72]
[13:19:10] [Server thread/INFO]: [Rcon: Changed the block at -200, 109, 74]
[13:19:10] [Server thread/INFO]: [Rcon: Changed the block at -189, 109, 74]
[13:19:10] [Server thread/INFO]: [Rcon: Changed the block at -200, 109, 76]
[13:19:10] [Server thread/INFO]: [Rcon: Changed the block at -189, 109, 76]
[13:19:10] [Server thread/INFO]: [Rcon: Changed the block at -200, 109, 78]
[13:19:10] [Server thread/INFO]: [Rcon: Changed the block at -189, 109, 78]
[13:19:10] [Server thread/INFO]: [Rcon: Changed the block at -199, 100, 70]
[13:19:10] [Server thread/INFO]: [Rcon: Changed the block at -190, 100, 70]
[13:19:10] [Server thread/INFO]: [Rcon: Changed the block at -199, 100, 75]
[13:19:10] [Server thread/INFO]: [Rcon: Changed the block at -190, 100, 75]
[13:19:11] [Server thread/INFO]: [Rcon: Changed the block at -194, 105, 72]
[13:19:11] [Server thread/INFO]: [Rcon: Changed the block at -194, 104, 72]
[13:19:11] [Server thread/INFO]: [Rcon: Changed the block at -190, 98, 69]
[13:19:11] [Server thread/INFO]: [Rcon: Changed the block at -190, 98, 78]
[13:19:11] [Server thread/INFO]: [Rcon: Changed the block at -195, 98, 79]
[13:19:11] [Server thread/INFO]: [Rcon: Changed the block at -195, 99, 79]
[13:19:11] [Server thread/INFO]: [Rcon: Changed the block at -195, 100, 79]
[13:19:11] [Server thread/INFO]: [Rcon: Changed the block at -194, 98, 79]
[13:19:11] [Server thread/INFO]: [Rcon: Changed the block at -194, 99, 79]
[13:19:11] [Server thread/INFO]: [Rcon: Changed the block at -194, 100, 79]
[13:19:11] [Server thread/INFO]: [Rcon: Changed the block at -193, 98, 79]
[13:19:11] [Server thread/INFO]: [Rcon: Changed the block at -193, 99, 79]
[13:19:11] [Server thread/INFO]: [Rcon: Changed the block at -193, 100, 79]
[13:19:11] [Server thread/INFO]: [Rcon: Changed the block at -195, 99, 73]
[13:19:11] [Server thread/INFO]: [Rcon: Changed the block at -194, 99, 73]
[13:19:11] [Server thread/INFO]: [Rcon: Changed the block at -199, 102, 69]
[13:19:11] [Server thread/INFO]: [Rcon: Changed the block at -199, 102, 78]
[13:19:11] [Server thread/INFO]: [Rcon: Changed the block at -189, 102, 69]
[13:19:12] [Server thread/INFO]: [Rcon: Changed the block at -189, 102, 78]
[13:19:12] [Server thread/INFO]: [Rcon: Changed the block at -197, 104, 71]
[13:19:12] [Server thread/INFO]: [Rcon: Changed the block at -192, 104, 76]
[13:19:12] [Server thread/INFO]: [Rcon: Changed the block at -195, 105, 73]
[13:19:12] [Server thread/INFO]: [Rcon: Changed the block at -194, 100, 74]
[13:19:12] [Server thread/INFO]: [Rcon: Changed the block at -196, 101, 72]
[13:19:12] [Server thread/INFO]: [Rcon: Changed the block at -193, 101, 75]
[13:19:12] [Server thread/INFO]: [Rcon: Changed the block at -196, 101, 76]
[13:19:12] [Server thread/INFO]: [Rcon: Changed the block at -193, 101, 71]
[13:19:12] [Server thread/INFO]: [Rcon: Changed the block at -195, 103, 73]
[13:19:12] [Server thread/INFO]: [Rcon: Changed the block at -194, 103, 74]
[13:19:12] [Server thread/INFO]: [Rcon: Changed the block at -195, 103, 74]
[13:19:12] [Server thread/INFO]: [Rcon: Changed the block at -194, 103, 73]
[13:19:12] [Server thread/INFO]: [Rcon: Changed the block at -195, 104, 73]
[13:19:12] [Server thread/INFO]: [Rcon: Changed the block at -194, 104, 74]
[13:19:12] [Server thread/INFO]: [Rcon: Changed the block at -195, 104, 74]
[13:19:12] [Server thread/INFO]: [Rcon: Changed the block at -194, 104, 73]
[13:19:12] [Server thread/INFO]: [Rcon: Changed the block at -195, 105, 73]
[13:19:12] [Server thread/INFO]: [Rcon: Changed the block at -194, 105, 74]
[13:19:12] [Server thread/INFO]: [Rcon: Changed the block at -195, 105, 74]
[13:19:12] [Server thread/INFO]: [Rcon: Changed the block at -194, 105, 73]
[13:19:12] [Server thread/INFO]: [Rcon: Summoned new Zombie]
[13:19:12] [Server thread/INFO]: [Rcon: Summoned new Zombie]
[13:19:12] [Server thread/INFO]: [Rcon: Summoned new Skeleton]
[13:19:12] [Server thread/INFO]: [Rcon: Changed the block at -197, 100, 71]
[13:19:13] [Server thread/INFO]: [Rcon: Modified block data of -197, 100, 71]
[13:19:13] [Server thread/INFO]: [Rcon: Changed the block at -191, 100, 77]
[13:19:13] [Server thread/INFO]: [Rcon: Modified block data of -191, 100, 77]
[13:19:13] [Server thread/INFO]: [Rcon: Successfully filled 3150 block(s)]
[13:19:13] [Server thread/INFO]: [Rcon: Successfully filled 225 block(s)]
[13:19:13] [Server thread/INFO]: [Rcon: Successfully filled 2028 block(s)]
[13:19:13] [Server thread/INFO]: [Rcon: Successfully filled 158 block(s)]
[13:19:13] [Server thread/INFO]: [Rcon: Successfully filled 53 block(s)]
[13:19:13] [Server thread/INFO]: [Rcon: Successfully filled 53 block(s)]
[13:19:14] [Server thread/INFO]: [Rcon: Changed the block at -190, 101, 99]
[13:19:14] [Server thread/INFO]: [Rcon: Changed the block at -190, 107, 98]
[13:19:14] [Server thread/INFO]: [Rcon: Changed the block at -194, 106, 90]
[13:19:14] [Server thread/INFO]: [Rcon: Changed the block at -193, 102, 104]
[13:19:14] [Server thread/INFO]: [Rcon: Changed the block at -190, 105, 99]
[13:19:14] [Server thread/INFO]: [Rcon: Changed the block at -200, 108, 104]
[13:19:14] [Server thread/INFO]: [Rcon: Changed the block at -195, 102, 104]
[13:19:14] [Server thread/INFO]: [Rcon: Changed the block at -199, 104, 90]
[13:19:14] [Server thread/INFO]: [Rcon: Changed the block at -195, 98, 90]
[13:19:14] [Server thread/INFO]: [Rcon: Changed the block at -198, 98, 102]
[13:19:14] [Server thread/INFO]: [Rcon: Changed the block at -200, 98, 98]
[13:19:14] [Server thread/INFO]: [Rcon: Changed the block at -198, 98, 92]
[13:19:14] [Server thread/INFO]: [Rcon: Changed the block at -194, 98, 92]
[13:19:14] [Server thread/INFO]: [Rcon: Changed the block at -194, 98, 101]
[13:19:14] [Server thread/INFO]: [Rcon: Changed the block at -196, 98, 99]
[13:19:14] [Server thread/INFO]: [Rcon: Changed the block at -194, 98, 98]
[13:19:14] [Server thread/INFO]: [Rcon: Changed the block at -198, 98, 92]
[13:19:14] [Server thread/INFO]: [Rcon: Changed the block at -196, 98, 90]
[13:19:14] [Server thread/INFO]: [Rcon: Changed the block at -190, 98, 102]
[13:19:14] [Server thread/INFO]: [Rcon: Changed the block at -190, 98, 99]
[13:19:14] [Server thread/INFO]: [Rcon: Changed the block at -191, 98, 104]
[13:19:14] [Server thread/INFO]: [Rcon: Changed the block at -193, 98, 90]
[13:19:14] [Server thread/INFO]: [Rcon: Changed the block at -194, 98, 90]
[13:19:14] [Server thread/INFO]: [Rcon: Changed the block at -194, 110, 95]
[13:19:14] [Server thread/INFO]: [Rcon: Changed the block at -194, 98, 95]
[13:19:14] [Server thread/INFO]: [Rcon: Changed the block at -195, 110, 97]
[13:19:14] [Server thread/INFO]: [Rcon: Changed the block at -195, 98, 97]
[13:19:14] [Server thread/INFO]: [Rcon: Changed the block at -193, 110, 97]
[13:19:15] [Server thread/INFO]: [Rcon: Changed the block at -193, 98, 97]
[13:19:15] [Server thread/INFO]: [Rcon: Changed the block at -197, 110, 101]
[13:19:15] [Server thread/INFO]: [Rcon: Changed the block at -197, 98, 101]
[13:19:15] [Server thread/INFO]: [Rcon: Changed the block at -196, 98, 90]
[13:19:15] [Server thread/INFO]: [Rcon: Changed the block at -191, 103, 104]
[13:19:15] [Server thread/INFO]: [Rcon: Changed the block at -190, 107, 92]
[13:19:15] [Server thread/INFO]: [Rcon: Changed the block at -190, 106, 94]
[13:19:15] [Server thread/WARN]: Can't keep up! Is the server overloaded? Running 4869ms or 97 ticks behind
[13:19:15] [Server thread/INFO]: [Rcon: Changed the block at -200, 104, 104]
[13:19:15] [Server thread/INFO]: [Rcon: Changed the block at -190, 101, 102]
[13:19:15] [Server thread/INFO]: [Rcon: Changed the block at -204, 105, 93]
[13:19:15] [Server thread/INFO]: [Rcon: Changed the block at -200, 109, 104]
[13:19:15] [Server thread/INFO]: [Rcon: Changed the block at -193, 102, 104]
[13:19:15] [Server thread/INFO]: [Rcon: Changed the block at -202, 99, 90]
[13:19:15] [Server thread/INFO]: [Rcon: Changed the block at -202, 99, 104]
[13:19:15] [Server thread/INFO]: [Rcon: Changed the block at -202, 100, 90]
[13:19:15] [Server thread/INFO]: [Rcon: Changed the block at -202, 100, 104]
[13:19:15] [Server thread/INFO]: [Rcon: Changed the block at -202, 101, 90]
[13:19:15] [Server thread/INFO]: [Rcon: Changed the block at -202, 101, 104]
[13:19:15] [Server thread/INFO]: [Rcon: Changed the block at -198, 99, 90]
[13:19:15] [Server thread/INFO]: [Rcon: Changed the block at -198, 99, 104]
[13:19:15] [Server thread/INFO]: [Rcon: Changed the block at -198, 100, 90]
[13:19:15] [Server thread/INFO]: [Rcon: Changed the block at -198, 100, 104]
[13:19:15] [Server thread/INFO]: [Rcon: Changed the block at -198, 101, 90]
[13:19:15] [Server thread/INFO]: [Rcon: Changed the block at -198, 101, 104]
[13:19:16] [Server thread/INFO]: [Rcon: Changed the block at -194, 99, 90]
[13:19:16] [Server thread/INFO]: [Rcon: Changed the block at -194, 99, 104]
[13:19:16] [Server thread/INFO]: [Rcon: Changed the block at -194, 100, 90]
[13:19:16] [Server thread/INFO]: [Rcon: Changed the block at -194, 100, 104]
[13:19:16] [Server thread/INFO]: [Rcon: Changed the block at -194, 101, 90]
[13:19:16] [Server thread/INFO]: [Rcon: Changed the block at -194, 101, 104]
[13:19:16] [Server thread/INFO]: [Rcon: Changed the block at -204, 99, 92]
[13:19:16] [Server thread/INFO]: [Rcon: Changed the block at -190, 99, 92]
[13:19:16] [Server thread/INFO]: [Rcon: Changed the block at -204, 100, 92]
[13:19:16] [Server thread/INFO]: [Rcon: Changed the block at -190, 100, 92]
[13:19:16] [Server thread/INFO]: [Rcon: Changed the block at -204, 101, 92]
[13:19:16] [Server thread/INFO]: [Rcon: Changed the block at -190, 101, 92]
[13:19:16] [Server thread/INFO]: [Rcon: Changed the block at -204, 99, 96]
[13:19:16] [Server thread/INFO]: [Rcon: Changed the block at -190, 99, 96]
[13:19:16] [Server thread/INFO]: [Rcon: Changed the block at -204, 100, 96]
[13:19:16] [Server thread/INFO]: [Rcon: Changed the block at -190, 100, 96]
[13:19:16] [Server thread/INFO]: [Rcon: Changed the block at -204, 101, 96]
[13:19:16] [Server thread/INFO]: [Rcon: Changed the block at -190, 101, 96]
[13:19:16] [Server thread/INFO]: [Rcon: Changed the block at -204, 99, 100]
[13:19:16] [Server thread/INFO]: [Rcon: Changed the block at -190, 99, 100]
[13:19:16] [Server thread/INFO]: [Rcon: Changed the block at -204, 100, 100]
[13:19:16] [Server thread/INFO]: [Rcon: Changed the block at -190, 100, 100]
[13:19:16] [Server thread/INFO]: [Rcon: Changed the block at -204, 101, 100]
[13:19:16] [Server thread/INFO]: [Rcon: Changed the block at -190, 101, 100]
[13:19:16] [Server thread/INFO]: [Rcon: Changed the block at -204, 111, 96]
[13:19:16] [Server thread/INFO]: [Rcon: Changed the block at -204, 111, 97]
[13:19:16] [Server thread/INFO]: [Rcon: Changed the block at -204, 111, 98]
[13:19:16] [Server thread/INFO]: [Rcon: Changed the block at -203, 111, 94]
[13:19:16] [Server thread/INFO]: [Rcon: Changed the block at -203, 111, 95]
[13:19:16] [Server thread/INFO]: [Rcon: Changed the block at -203, 111, 96]
[13:19:16] [Server thread/INFO]: [Rcon: Changed the block at -203, 111, 97]
[13:19:16] [Server thread/INFO]: [Rcon: Changed the block at -203, 111, 98]
[13:19:16] [Server thread/INFO]: [Rcon: Changed the block at -203, 111, 99]
[13:19:16] [Server thread/INFO]: [Rcon: Changed the block at -203, 111, 100]
[13:19:16] [Server thread/INFO]: [Rcon: Changed the block at -202, 111, 92]
[13:19:16] [Server thread/INFO]: [Rcon: Changed the block at -202, 111, 93]
[13:19:16] [Server thread/INFO]: [Rcon: Changed the block at -202, 111, 94]
[13:19:16] [Server thread/INFO]: [Rcon: Changed the block at -202, 111, 100]
[13:19:16] [Server thread/INFO]: [Rcon: Changed the block at -202, 111, 101]
[13:19:16] [Server thread/INFO]: [Rcon: Changed the block at -202, 111, 102]
[13:19:16] [Server thread/INFO]: [Rcon: Changed the block at -201, 111, 92]
[13:19:16] [Server thread/INFO]: [Rcon: Changed the block at -201, 111, 93]
[13:19:16] [Server thread/INFO]: [Rcon: Changed the block at -201, 111, 101]
[13:19:16] [Server thread/INFO]: [Rcon: Changed the block at -201, 111, 102]
[13:19:16] [Server thread/INFO]: [Rcon: Changed the block at -200, 111, 91]
[13:19:16] [Server thread/INFO]: [Rcon: Changed the block at -200, 111, 92]
[13:19:16] [Server thread/INFO]: [Rcon: Changed the block at -200, 111, 102]
[13:19:16] [Server thread/INFO]: [Rcon: Changed the block at -200, 111, 103]
[13:19:17] [Server thread/INFO]: [Rcon: Changed the block at -199, 111, 91]
[13:19:17] [Server thread/INFO]: [Rcon: Changed the block at -199, 111, 103]
[13:19:17] [Server thread/INFO]: [Rcon: Changed the block at -198, 111, 90]
[13:19:17] [Server thread/INFO]: [Rcon: Changed the block at -198, 111, 91]
[13:19:17] [Server thread/INFO]: [Rcon: Changed the block at -198, 111, 103]
[13:19:17] [Server thread/INFO]: [Rcon: Changed the block at -198, 111, 104]
[13:19:17] [Server thread/INFO]: [Rcon: Changed the block at -197, 111, 90]
[13:19:17] [Server thread/INFO]: [Rcon: Changed the block at -197, 111, 91]
[13:19:17] [Server thread/INFO]: [Rcon: Changed the block at -197, 111, 103]
[13:19:17] [Server thread/INFO]: [Rcon: Changed the block at -197, 111, 104]
[13:19:17] [Server thread/INFO]: [Rcon: Changed the block at -196, 111, 90]
[13:19:17] [Server thread/INFO]: [Rcon: Changed the block at -196, 111, 91]
[13:19:17] [Server thread/INFO]: [Rcon: Changed the block at -196, 111, 103]
[13:19:17] [Server thread/INFO]: [Rcon: Changed the block at -196, 111, 104]
[13:19:17] [Server thread/INFO]: [Rcon: Changed the block at -195, 111, 91]
[13:19:17] [Server thread/INFO]: [Rcon: Changed the block at -195, 111, 103]
[13:19:17] [Server thread/INFO]: [Rcon: Changed the block at -194, 111, 91]
[13:19:17] [Server thread/INFO]: [Rcon: Changed the block at -194, 111, 92]
[13:19:17] [Server thread/INFO]: [Rcon: Changed the block at -194, 111, 102]
[13:19:17] [Server thread/INFO]: [Rcon: Changed the block at -194, 111, 103]
[13:19:17] [Server thread/INFO]: [Rcon: Changed the block at -193, 111, 92]
[13:19:17] [Server thread/INFO]: [Rcon: Changed the block at -193, 111, 93]
[13:19:17] [Server thread/INFO]: [Rcon: Changed the block at -193, 111, 101]
[13:19:17] [Server thread/INFO]: [Rcon: Changed the block at -193, 111, 102]
[13:19:17] [Server thread/INFO]: [Rcon: Changed the block at -192, 111, 92]
[13:19:17] [Server thread/INFO]: [Rcon: Changed the block at -192, 111, 93]
[13:19:18] [Server thread/INFO]: [Rcon: Changed the block at -192, 111, 94]
[13:19:18] [Server thread/INFO]: [Rcon: Changed the block at -192, 111, 100]
[13:19:18] [Server thread/INFO]: [Rcon: Changed the block at -192, 111, 101]
[13:19:18] [Server thread/INFO]: [Rcon: Changed the block at -192, 111, 102]
[13:19:18] [Server thread/INFO]: [Rcon: Changed the block at -191, 111, 94]
[13:19:18] [Server thread/INFO]: [Rcon: Changed the block at -191, 111, 95]
[13:19:18] [Server thread/INFO]: [Rcon: Changed the block at -191, 111, 96]
[13:19:18] [Server thread/INFO]: [Rcon: Changed the block at -191, 111, 97]
[13:19:18] [Server thread/INFO]: [Rcon: Changed the block at -191, 111, 98]
[13:19:18] [Server thread/INFO]: [Rcon: Changed the block at -191, 111, 99]
[13:19:18] [Server thread/INFO]: [Rcon: Changed the block at -191, 111, 100]
[13:19:18] [Server thread/INFO]: [Rcon: Changed the block at -190, 111, 96]
[13:19:18] [Server thread/INFO]: [Rcon: Changed the block at -190, 111, 97]
[13:19:18] [Server thread/INFO]: [Rcon: Changed the block at -190, 111, 98]
[13:19:18] [Server thread/INFO]: [Rcon: Changed the block at -203, 112, 97]
[13:19:18] [Server thread/INFO]: [Rcon: Changed the block at -202, 112, 94]
[13:19:18] [Server thread/INFO]: [Rcon: Changed the block at -202, 112, 95]
[13:19:18] [Server thread/INFO]: [Rcon: Changed the block at -202, 112, 96]
[13:19:18] [Server thread/INFO]: [Rcon: Changed the block at -202, 112, 97]
[13:19:18] [Server thread/INFO]: [Rcon: Changed the block at -202, 112, 98]
[13:19:18] [Server thread/INFO]: [Rcon: Changed the block at -202, 112, 99]
[13:19:18] [Server thread/INFO]: [Rcon: Changed the block at -202, 112, 100]
[13:19:18] [Server thread/INFO]: [Rcon: Changed the block at -201, 112, 93]
[13:19:18] [Server thread/INFO]: [Rcon: Changed the block at -201, 112, 94]
[13:19:18] [Server thread/INFO]: [Rcon: Changed the block at -201, 112, 100]
[13:19:19] [Server thread/INFO]: [Rcon: Changed the block at -201, 112, 101]
[13:19:19] [Server thread/INFO]: [Rcon: Changed the block at -200, 112, 92]
[13:19:19] [Server thread/INFO]: [Rcon: Changed the block at -200, 112, 93]
[13:19:19] [Server thread/INFO]: [Rcon: Changed the block at -200, 112, 101]
[13:19:19] [Server thread/INFO]: [Rcon: Changed the block at -200, 112, 102]
[13:19:19] [Server thread/INFO]: [Rcon: Changed the block at -199, 112, 92]
[13:19:19] [Server thread/INFO]: [Rcon: Changed the block at -199, 112, 102]
[13:19:19] [Server thread/INFO]: [Rcon: Changed the block at -198, 112, 92]
[13:19:19] [Server thread/INFO]: [Rcon: Changed the block at -198, 112, 102]
[13:19:19] [Server thread/INFO]: [Rcon: Changed the block at -197, 112, 91]
[13:19:19] [Server thread/INFO]: [Rcon: Changed the block at -197, 112, 92]
[13:19:19] [Server thread/INFO]: [Rcon: Changed the block at -197, 112, 102]
[13:19:19] [Server thread/INFO]: [Rcon: Changed the block at -197, 112, 103]
[13:19:19] [Server thread/INFO]: [Rcon: Changed the block at -196, 112, 92]
[13:19:19] [Server thread/INFO]: [Rcon: Changed the block at -196, 112, 102]
[13:19:19] [Server thread/INFO]: [Rcon: Changed the block at -195, 112, 92]
[13:19:19] [Server thread/INFO]: [Rcon: Changed the block at -195, 112, 102]
[13:19:19] [Server thread/INFO]: [Rcon: Changed the block at -194, 112, 92]
[13:19:19] [Server thread/INFO]: [Rcon: Changed the block at -194, 112, 93]
[13:19:19] [Server thread/INFO]: [Rcon: Changed the block at -194, 112, 101]
[13:19:19] [Server thread/INFO]: [Rcon: Changed the block at -194, 112, 102]
[13:19:19] [Server thread/INFO]: [Rcon: Changed the block at -193, 112, 93]
[13:19:19] [Server thread/INFO]: [Rcon: Changed the block at -193, 112, 94]
[13:19:19] [Server thread/INFO]: [Rcon: Changed the block at -193, 112, 100]
[13:19:19] [Server thread/INFO]: [Rcon: Changed the block at -193, 112, 101]
[13:19:19] [Server thread/INFO]: [Rcon: Changed the block at -192, 112, 94]
[13:19:19] [Server thread/INFO]: [Rcon: Changed the block at -192, 112, 95]
[13:19:19] [Server thread/INFO]: [Rcon: Changed the block at -192, 112, 96]
[13:19:19] [Server thread/INFO]: [Rcon: Changed the block at -192, 112, 97]
[13:19:19] [Server thread/INFO]: [Rcon: Changed the block at -192, 112, 98]
[13:19:19] [Server thread/INFO]: [Rcon: Changed the block at -192, 112, 99]
[13:19:19] [Server thread/INFO]: [Rcon: Changed the block at -192, 112, 100]
[13:19:20] [Server thread/INFO]: [Rcon: Changed the block at -191, 112, 97]
[13:19:20] [Server thread/INFO]: [Rcon: Changed the block at -201, 113, 96]
[13:19:20] [Server thread/INFO]: [Rcon: Changed the block at -201, 113, 97]
[13:19:20] [Server thread/INFO]: [Rcon: Changed the block at -201, 113, 98]
[13:19:20] [Server thread/INFO]: [Rcon: Changed the block at -200, 113, 94]
[13:19:20] [Server thread/INFO]: [Rcon: Changed the block at -200, 113, 95]
[13:19:20] [Server thread/INFO]: [Rcon: Changed the block at -200, 113, 96]
[13:19:20] [Server thread/INFO]: [Rcon: Changed the block at -200, 113, 97]
[13:19:20] [Server thread/INFO]: [Rcon: Changed the block at -200, 113, 98]
[13:19:20] [Server thread/INFO]: [Rcon: Changed the block at -200, 113, 99]
[13:19:20] [Server thread/INFO]: [Rcon: Changed the block at -200, 113, 100]
[13:19:20] [Server thread/INFO]: [Rcon: Changed the block at -199, 113, 94]
[13:19:20] [Server thread/INFO]: [Rcon: Changed the block at -199, 113, 100]
[13:19:20] [Server thread/INFO]: [Rcon: Changed the block at -198, 113, 93]
[13:19:20] [Server thread/INFO]: [Rcon: Changed the block at -198, 113, 94]
[13:19:20] [Server thread/INFO]: [Rcon: Changed the block at -198, 113, 100]
[13:19:20] [Server thread/INFO]: [Rcon: Changed the block at -198, 113, 101]
[13:19:20] [Server thread/INFO]: [Rcon: Changed the block at -197, 113, 93]
[13:19:20] [Server thread/INFO]: [Rcon: Changed the block at -197, 113, 94]
[13:19:20] [Server thread/INFO]: [Rcon: Changed the block at -197, 113, 100]
[13:19:20] [Server thread/INFO]: [Rcon: Changed the block at -197, 113, 101]
[13:19:20] [Server thread/INFO]: [Rcon: Changed the block at -196, 113, 93]
[13:19:20] [Server thread/INFO]: [Rcon: Changed the block at -196, 113, 94]
[13:19:20] [Server thread/INFO]: [Rcon: Changed the block at -196, 113, 100]
[13:19:20] [Server thread/INFO]: [Rcon: Changed the block at -196, 113, 101]
[13:19:20] [Server thread/INFO]: [Rcon: Changed the block at -195, 113, 94]
[13:19:20] [Server thread/INFO]: [Rcon: Changed the block at -195, 113, 100]
[13:19:20] [Server thread/INFO]: [Rcon: Changed the block at -194, 113, 94]
[13:19:20] [Server thread/INFO]: [Rcon: Changed the block at -194, 113, 95]
[13:19:20] [Server thread/INFO]: [Rcon: Changed the block at -194, 113, 96]
[13:19:21] [Server thread/INFO]: [Rcon: Changed the block at -194, 113, 97]
[13:19:21] [Server thread/INFO]: [Rcon: Changed the block at -194, 113, 98]
[13:19:21] [Server thread/INFO]: [Rcon: Changed the block at -194, 113, 99]
[13:19:21] [Server thread/INFO]: [Rcon: Changed the block at -194, 113, 100]
[13:19:21] [Server thread/INFO]: [Rcon: Changed the block at -193, 113, 96]
[13:19:21] [Server thread/INFO]: [Rcon: Changed the block at -193, 113, 97]
[13:19:21] [Server thread/INFO]: [Rcon: Changed the block at -193, 113, 98]
[13:19:21] [Server thread/INFO]: [Rcon: Changed the block at -199, 114, 96]
[13:19:21] [Server thread/INFO]: [Rcon: Changed the block at -199, 114, 97]
[13:19:21] [Server thread/INFO]: [Rcon: Changed the block at -199, 114, 98]
[13:19:21] [Server thread/INFO]: [Rcon: Changed the block at -198, 114, 95]
[13:19:21] [Server thread/INFO]: [Rcon: Changed the block at -198, 114, 96]
[13:19:21] [Server thread/INFO]: [Rcon: Changed the block at -198, 114, 97]
[13:19:21] [Server thread/INFO]: [Rcon: Changed the block at -198, 114, 98]
[13:19:21] [Server thread/INFO]: [Rcon: Changed the block at -198, 114, 99]
[13:19:21] [Server thread/INFO]: [Rcon: Changed the block at -197, 114, 95]
[13:19:21] [Server thread/INFO]: [Rcon: Changed the block at -197, 114, 96]
[13:19:21] [Server thread/INFO]: [Rcon: Changed the block at -197, 114, 98]
[13:19:21] [Server thread/INFO]: [Rcon: Changed the block at -197, 114, 99]
[13:19:21] [Server thread/INFO]: [Rcon: Changed the block at -196, 114, 95]
[13:19:21] [Server thread/INFO]: [Rcon: Changed the block at -196, 114, 96]
[13:19:21] [Server thread/INFO]: [Rcon: Changed the block at -196, 114, 97]
[13:19:21] [Server thread/INFO]: [Rcon: Changed the block at -196, 114, 98]
[13:19:21] [Server thread/INFO]: [Rcon: Changed the block at -196, 114, 99]
[13:19:21] [Server thread/INFO]: [Rcon: Changed the block at -195, 114, 96]
[13:19:21] [Server thread/INFO]: [Rcon: Changed the block at -195, 114, 97]
[13:19:21] [Server thread/INFO]: [Rcon: Changed the block at -195, 114, 98]
[13:19:21] [Server thread/INFO]: [Rcon: Changed the block at -197, 115, 97]
[13:19:21] [Server thread/INFO]: [Rcon: Changed the block at -203, 100, 92]
[13:19:21] [Server thread/INFO]: [Rcon: Changed the block at -191, 100, 92]
[13:19:21] [Server thread/INFO]: [Rcon: Changed the block at -203, 100, 97]
[13:19:21] [Server thread/INFO]: [Rcon: Changed the block at -191, 100, 97]
[13:19:21] [Server thread/INFO]: [Rcon: Changed the block at -203, 100, 102]
[13:19:21] [Server thread/INFO]: [Rcon: Changed the block at -191, 100, 102]
[13:19:21] [Server thread/INFO]: [Rcon: Changed the block at -197, 109, 94]
[13:19:21] [Server thread/INFO]: [Rcon: Changed the block at -197, 108, 94]
[13:19:21] [Server thread/INFO]: [Rcon: Changed the block at -197, 109, 100]
[13:19:21] [Server thread/INFO]: [Rcon: Changed the block at -197, 108, 100]
[13:19:21] [Server thread/INFO]: [Rcon: Changed the block at -191, 98, 91]
[13:19:21] [Server thread/INFO]: [Rcon: Changed the block at -203, 98, 103]
[13:19:21] [Server thread/INFO]: [Rcon: Changed the block at -191, 98, 103]
[13:19:21] [Server thread/INFO]: [Rcon: Changed the block at -196, 98, 99]
[13:19:21] [Server thread/INFO]: [Rcon: Changed the block at -197, 109, 98]
[13:19:21] [Server thread/INFO]: [Rcon: Changed the block at -197, 109, 95]
[13:19:21] [Server thread/INFO]: [Rcon: Changed the block at -196, 109, 102]
[13:19:21] [Server thread/INFO]: [Rcon: Changed the block at -193, 98, 99]
[13:19:21] [Server thread/INFO]: [Rcon: Changed the block at -198, 98, 104]
[13:19:21] [Server thread/INFO]: [Rcon: Changed the block at -198, 99, 104]
[13:19:21] [Server thread/INFO]: [Rcon: Changed the block at -198, 100, 104]
[13:19:21] [Server thread/INFO]: [Rcon: Changed the block at -197, 98, 104]
[13:19:21] [Server thread/INFO]: [Rcon: Changed the block at -197, 99, 104]
[13:19:22] [Server thread/INFO]: [Rcon: Changed the block at -197, 100, 104]
[13:19:22] [Server thread/INFO]: [Rcon: Changed the block at -196, 98, 104]
[13:19:22] [Server thread/INFO]: [Rcon: Changed the block at -196, 99, 104]
[13:19:22] [Server thread/INFO]: [Rcon: Changed the block at -196, 100, 104]
[13:19:22] [Server thread/INFO]: [Rcon: Changed the block at -198, 101, 104]
[13:19:22] [Server thread/INFO]: [Rcon: Changed the block at -198, 98, 90]
[13:19:22] [Server thread/INFO]: [Rcon: Changed the block at -198, 99, 90]
[13:19:22] [Server thread/INFO]: [Rcon: Changed the block at -198, 100, 90]
[13:19:22] [Server thread/INFO]: [Rcon: Changed the block at -197, 98, 90]
[13:19:22] [Server thread/INFO]: [Rcon: Changed the block at -197, 99, 90]
[13:19:22] [Server thread/INFO]: [Rcon: Changed the block at -197, 100, 90]
[13:19:22] [Server thread/INFO]: [Rcon: Changed the block at -196, 98, 90]
[13:19:22] [Server thread/INFO]: [Rcon: Changed the block at -196, 99, 90]
[13:19:22] [Server thread/INFO]: [Rcon: Changed the block at -196, 100, 90]
[13:19:22] [Server thread/INFO]: [Rcon: Changed the block at -198, 101, 90]
[13:19:22] [Server thread/INFO]: [Rcon: Changed the block at -195, 98, 90]
[13:19:22] [Server thread/INFO]: [Rcon: Changed the block at -202, 99, 92]
[13:19:22] [Server thread/INFO]: [Rcon: Changed the block at -192, 99, 102]
[13:19:22] [Server thread/INFO]: [Rcon: Changed the block at -197, 98, 97]
[13:19:22] [Server thread/INFO]: [Rcon: Changed the block at -197, 107, 97]
[13:19:22] [Server thread/INFO]: [Rcon: Changed the block at -197, 108, 97]
[13:19:22] [Server thread/INFO]: [Rcon: Changed the block at -197, 109, 97]
[13:19:22] [Server thread/INFO]: [Rcon: Changed the block at -194, 102, 95]
[13:19:22] [Server thread/INFO]: [Rcon: Changed the block at -199, 102, 100]
[13:19:22] [Server thread/INFO]: [Rcon: Changed the block at -197, 102, 97]
[13:19:22] [Server thread/INFO]: [Rcon: Changed the block at -201, 105, 93]
[13:19:22] [Server thread/INFO]: [Rcon: Changed the block at -192, 105, 102]
[13:19:22] [Server thread/INFO]: [Rcon: Changed the block at -197, 110, 97]
[13:19:22] [Server thread/INFO]: [Rcon: Changed the block at -196, 103, 98]
[13:19:22] [Server thread/INFO]: [Rcon: Changed the block at -198, 103, 98]
[13:19:22] [Server thread/INFO]: [Rcon: Changed the block at -196, 103, 96]
[13:19:23] [Server thread/INFO]: [Rcon: Changed the block at -198, 103, 96]
[13:19:23] [Server thread/INFO]: [Rcon: Changed the block at -200, 101, 94]
[13:19:23] [Server thread/INFO]: [Rcon: Changed the block at -193, 101, 101]
[13:19:23] [Server thread/INFO]: [Rcon: Changed the block at -200, 101, 101]
[13:19:23] [Server thread/INFO]: [Rcon: Changed the block at -193, 101, 94]
[13:19:23] [Server thread/INFO]: [Rcon: Changed the block at -197, 106, 97]
[13:19:23] [Server thread/INFO]: [Rcon: Changed the block at -197, 107, 97]
[13:19:23] [Server thread/INFO]: [Rcon: Changed the block at -197, 108, 97]
[13:19:23] [Server thread/INFO]: [Rcon: Changed the block at -197, 109, 97]
[13:19:23] [Server thread/INFO]: [Rcon: Changed the block at -197, 110, 97]
[13:19:23] [Server thread/INFO]: [Rcon: Changed the block at -197, 111, 97]
[13:19:23] [Server thread/INFO]: [Rcon: Changed the block at -196, 102, 97]
[13:19:23] [Server thread/INFO]: [Rcon: Changed the block at -198, 102, 97]
[13:19:23] [Server thread/INFO]: [Rcon: Changed the block at -197, 102, 98]
[13:19:23] [Server thread/INFO]: [Rcon: Changed the block at -197, 102, 96]
[13:19:23] [Server thread/INFO]: [Rcon: Changed the block at -196, 103, 97]
[13:19:23] [Server thread/INFO]: [Rcon: Changed the block at -198, 103, 97]
[13:19:23] [Server thread/INFO]: [Rcon: Changed the block at -197, 103, 98]
[13:19:23] [Server thread/INFO]: [Rcon: Changed the block at -197, 103, 96]
[13:19:23] [Server thread/INFO]: [Rcon: Summoned new Phantom]
[13:19:23] [Server thread/INFO]: [Rcon: Summoned new Witch]
[13:19:23] [Server thread/INFO]: [Rcon: Changed the block at -199, 102, 95]
[13:19:23] [Server thread/INFO]: [Rcon: Modified block data of -199, 102, 95]
[13:19:23] [Server thread/INFO]: [Rcon: Changed the block at -194, 102, 100]
[13:19:24] [Server thread/INFO]: [Rcon: Modified block data of -194, 102, 100]
[13:19:24] [Server thread/INFO]: [Rcon: Successfully filled 1200 block(s)]
[13:19:24] [Server thread/INFO]: [Rcon: Successfully filled 100 block(s)]
[13:19:24] [Server thread/INFO]: [Rcon: Successfully filled 640 block(s)]
[13:19:24] [Server thread/INFO]: [Rcon: Successfully filled 64 block(s)]
[13:19:24] [Server thread/INFO]: [Rcon: Successfully filled 4 block(s)]
[13:19:24] [Server thread/INFO]: [Rcon: Changed the block at -192, 98, 114]
[13:19:24] [Server thread/INFO]: [Rcon: Changed the block at -192, 99, 114]
[13:19:24] [Server thread/INFO]: [Rcon: Changed the block at -192, 100, 114]
[13:19:24] [Server thread/INFO]: [Rcon: Changed the block at -192, 101, 114]
[13:19:24] [Server thread/INFO]: [Rcon: Changed the block at -192, 102, 114]
[13:19:24] [Server thread/INFO]: [Rcon: Changed the block at -192, 103, 114]
[13:19:24] [Server thread/INFO]: [Rcon: Changed the block at -192, 104, 114]
[13:19:24] [Server thread/INFO]: [Rcon: Changed the block at -192, 105, 114]
[13:19:24] [Server thread/INFO]: [Rcon: Changed the block at -192, 106, 114]
[13:19:25] [Server thread/INFO]: [Rcon: Changed the block at -192, 107, 114]
[13:19:25] [Server thread/INFO]: [Rcon: Successfully filled 78 block(s)]
[13:19:25] [Server thread/INFO]: [Rcon: Successfully filled 23 block(s)]
[13:19:25] [Server thread/INFO]: [Rcon: Successfully filled 23 block(s)]
[13:19:25] [Server thread/INFO]: [Rcon: Successfully filled 10 block(s)]
[13:19:25] [Server thread/INFO]: [Rcon: Changed the block at -198, 97, 114]
[13:19:25] [Server thread/INFO]: [Rcon: Changed the block at -198, 97, 121]
[13:19:25] [Server thread/INFO]: [Rcon: Changed the block at -197, 97, 114]
[13:19:25] [Server thread/INFO]: [Rcon: Changed the block at -197, 97, 121]
[13:19:25] [Server thread/INFO]: [Rcon: Changed the block at -196, 97, 114]
[13:19:25] [Server thread/INFO]: [Rcon: Changed the block at -196, 97, 121]
[13:19:25] [Server thread/INFO]: [Rcon: Changed the block at -195, 97, 114]
[13:19:25] [Server thread/INFO]: [Rcon: Changed the block at -195, 97, 121]
[13:19:25] [Server thread/INFO]: [Rcon: Changed the block at -194, 97, 114]
[13:19:25] [Server thread/INFO]: [Rcon: Changed the block at -194, 97, 121]
[13:19:25] [Server thread/INFO]: [Rcon: Changed the block at -193, 97, 121]
[13:19:25] [Server thread/INFO]: [Rcon: Changed the block at -192, 97, 114]
[13:19:25] [Server thread/INFO]: [Rcon: Changed the block at -192, 97, 121]
[13:19:25] [Server thread/INFO]: [Rcon: Changed the block at -191, 97, 114]
[13:19:25] [Server thread/INFO]: [Rcon: Changed the block at -191, 97, 121]
[13:19:25] [Server thread/INFO]: [Rcon: Changed the block at -198, 97, 115]
[13:19:25] [Server thread/INFO]: [Rcon: Changed the block at -191, 97, 115]
[13:19:25] [Server thread/INFO]: [Rcon: Changed the block at -198, 97, 116]
[13:19:26] [Server thread/INFO]: [Rcon: Changed the block at -198, 97, 117]
[13:19:26] [Server thread/INFO]: [Rcon: Changed the block at -191, 97, 117]
[13:19:26] [Server thread/INFO]: [Rcon: Changed the block at -198, 97, 118]
[13:19:26] [Server thread/INFO]: [Rcon: Changed the block at -191, 97, 118]
[13:19:26] [Server thread/INFO]: [Rcon: Changed the block at -198, 97, 119]
[13:19:26] [Server thread/INFO]: [Rcon: Changed the block at -191, 97, 119]
[13:19:26] [Server thread/INFO]: [Rcon: Changed the block at -198, 97, 120]
[13:19:26] [Server thread/INFO]: [Rcon: Changed the block at -191, 97, 120]
[13:19:26] [Server thread/INFO]: [Rcon: Changed the block at -199, 107, 121]
[13:19:26] [Server thread/INFO]: [Rcon: Changed the block at -196, 99, 113]
[13:19:26] [Server thread/INFO]: [Rcon: Changed the block at -190, 102, 121]
[13:19:26] [Server thread/INFO]: [Rcon: Changed the block at -190, 107, 118]
[13:19:26] [Server thread/INFO]: [Rcon: Changed the block at -198, 106, 122]
[13:19:26] [Server thread/INFO]: [Rcon: Changed the block at -194, 99, 113]
[13:19:26] [Server thread/INFO]: [Rcon: Changed the block at -195, 98, 121]
[13:19:26] [Server thread/INFO]: [Rcon: Changed the block at -196, 98, 121]
[13:19:26] [Server thread/INFO]: [Rcon: Changed the block at -196, 98, 114]
[13:19:26] [Server thread/INFO]: [Rcon: Changed the block at -193, 98, 116]
[13:19:26] [Server thread/INFO]: [Rcon: Changed the block at -192, 98, 121]
[13:19:26] [Server thread/INFO]: [Rcon: Changed the block at -198, 98, 117]
[13:19:26] [Server thread/INFO]: [Rcon: Changed the block at -192, 98, 122]
[13:19:26] [Server thread/INFO]: [Rcon: Changed the block at -199, 98, 118]
[13:19:26] [Server thread/INFO]: [Rcon: Changed the block at -199, 98, 121]
[13:19:26] [Server thread/INFO]: [Rcon: Changed the block at -190, 98, 116]
[13:19:26] [Server thread/INFO]: [Rcon: Changed the block at -192, 98, 113]
[13:19:26] [Server thread/INFO]: [Rcon: Changed the block at -196, 108, 118]
[13:19:26] [Server thread/INFO]: [Rcon: Changed the block at -196, 98, 118]
[13:19:26] [Server thread/INFO]: [Rcon: Changed the block at -193, 108, 116]
[13:19:26] [Server thread/INFO]: [Rcon: Changed the block at -193, 98, 116]
[13:19:26] [Server thread/INFO]: [Rcon: Changed the block at -197, 108, 117]
[13:19:26] [Server thread/INFO]: [Rcon: Changed the block at -197, 98, 117]
[13:19:26] [Server thread/INFO]: [Rcon: Changed the block at -194, 100, 113]
[13:19:26] [Server thread/INFO]: [Rcon: Changed the block at -190, 99, 115]
[13:19:26] [Server thread/INFO]: [Rcon: Changed the block at -190, 101, 117]
[13:19:26] [Server thread/INFO]: [Rcon: Changed the block at -199, 106, 115]
[13:19:26] [Server thread/INFO]: [Rcon: Changed the block at -192, 106, 122]
[13:19:26] [Server thread/INFO]: [Rcon: Changed the block at -199, 99, 120]
[13:19:26] [Server thread/INFO]: [Rcon: Changed the block at -198, 101, 122]
[13:19:26] [Server thread/INFO]: [Rcon: Changed the block at -197, 105, 113]
[13:19:26] [Server thread/INFO]: [Rcon: Changed the block at -198, 105, 122]
[13:19:26] [Server thread/INFO]: [Rcon: Changed the block at -191, 100, 122]
[13:19:26] [Server thread/INFO]: [Rcon: Changed the block at -197, 99, 113]
[13:19:26] [Server thread/INFO]: [Rcon: Changed the block at -197, 99, 122]
[13:19:26] [Server thread/INFO]: [Rcon: Changed the block at -197, 100, 113]
[13:19:26] [Server thread/INFO]: [Rcon: Changed the block at -197, 100, 122]
[13:19:26] [Server thread/INFO]: [Rcon: Changed the block at -197, 101, 113]
[13:19:26] [Server thread/INFO]: [Rcon: Changed the block at -197, 101, 122]
[13:19:26] [Server thread/INFO]: [Rcon: Changed the block at -193, 99, 113]
[13:19:26] [Server thread/INFO]: [Rcon: Changed the block at -193, 99, 122]
[13:19:26] [Server thread/INFO]: [Rcon: Changed the block at -193, 100, 113]
[13:19:26] [Server thread/INFO]: [Rcon: Changed the block at -193, 100, 122]
[13:19:26] [Server thread/INFO]: [Rcon: Changed the block at -193, 101, 113]
[13:19:26] [Server thread/INFO]: [Rcon: Changed the block at -193, 101, 122]
[13:19:26] [Server thread/INFO]: [Rcon: Changed the block at -199, 99, 115]
[13:19:26] [Server thread/INFO]: [Rcon: Changed the block at -190, 99, 115]
[13:19:26] [Server thread/INFO]: [Rcon: Changed the block at -199, 100, 115]
[13:19:26] [Server thread/INFO]: [Rcon: Changed the block at -190, 100, 115]
[13:19:26] [Server thread/INFO]: [Rcon: Changed the block at -199, 101, 115]
[13:19:26] [Server thread/INFO]: [Rcon: Changed the block at -190, 101, 115]
[13:19:26] [Server thread/INFO]: [Rcon: Changed the block at -199, 99, 119]
[13:19:27] [Server thread/INFO]: [Rcon: Changed the block at -190, 99, 119]
[13:19:27] [Server thread/INFO]: [Rcon: Changed the block at -199, 100, 119]
[13:19:27] [Server thread/INFO]: [Rcon: Changed the block at -190, 100, 119]
[13:19:27] [Server thread/INFO]: [Rcon: Changed the block at -199, 101, 119]
[13:19:27] [Server thread/INFO]: [Rcon: Changed the block at -190, 101, 119]
[13:19:27] [Server thread/INFO]: [Rcon: Changed the block at -197, 104, 113]
[13:19:27] [Server thread/INFO]: [Rcon: Changed the block at -197, 104, 122]
[13:19:27] [Server thread/INFO]: [Rcon: Changed the block at -197, 105, 113]
[13:19:27] [Server thread/INFO]: [Rcon: Changed the block at -197, 105, 122]
[13:19:27] [Server thread/INFO]: [Rcon: Changed the block at -197, 106, 113]
[13:19:27] [Server thread/INFO]: [Rcon: Changed the block at -197, 106, 122]
[13:19:27] [Server thread/INFO]: [Rcon: Changed the block at -193, 104, 113]
[13:19:27] [Server thread/INFO]: [Rcon: Changed the block at -193, 104, 122]
[13:19:27] [Server thread/INFO]: [Rcon: Changed the block at -193, 105, 113]
[13:19:27] [Server thread/INFO]: [Rcon: Changed the block at -193, 105, 122]
[13:19:27] [Server thread/INFO]: [Rcon: Changed the block at -193, 106, 113]
[13:19:27] [Server thread/INFO]: [Rcon: Changed the block at -193, 106, 122]
[13:19:27] [Server thread/INFO]: [Rcon: Changed the block at -194, 98, 113]
[13:19:27] [Server thread/INFO]: [Rcon: Changed the block at -193, 99, 113]
[13:19:27] [Server thread/INFO]: [Rcon: Changed the block at -194, 100, 113]
[13:19:27] [Server thread/INFO]: [Rcon: Changed the block at -194, 100, 113]
[13:19:27] [Server thread/INFO]: [Rcon: Changed the block at -198, 109, 113]
[13:19:27] [Server thread/INFO]: [Rcon: Changed the block at -191, 109, 113]
[13:19:27] [Server thread/INFO]: [Rcon: Changed the block at -198, 109, 114]
[13:19:27] [Server thread/INFO]: [Rcon: Changed the block at -191, 109, 114]
[13:19:27] [Server thread/INFO]: [Rcon: Changed the block at -198, 109, 115]
[13:19:27] [Server thread/INFO]: [Rcon: Changed the block at -191, 109, 115]
[13:19:27] [Server thread/INFO]: [Rcon: Changed the block at -198, 109, 116]
[13:19:27] [Server thread/INFO]: [Rcon: Changed the block at -191, 109, 116]
[13:19:27] [Server thread/INFO]: [Rcon: Changed the block at -198, 109, 117]
[13:19:27] [Server thread/INFO]: [Rcon: Changed the block at -191, 109, 117]
[13:19:27] [Server thread/INFO]: [Rcon: Changed the block at -198, 109, 118]
[13:19:27] [Server thread/INFO]: [Rcon: Changed the block at -191, 109, 118]
[13:19:27] [Server thread/INFO]: [Rcon: Changed the block at -198, 109, 119]
[13:19:27] [Server thread/INFO]: [Rcon: Changed the block at -191, 109, 119]
[13:19:27] [Server thread/INFO]: Villager class_1646['Villager'/2207, l='ServerLevel[world]', x=-204.81, y=94.00, z=72.54] died, message: 'Villager was slain by ylopVEVO'
[13:19:27] [Server thread/INFO]: [Rcon: Changed the block at -198, 109, 120]
[13:19:27] [Server thread/INFO]: [Rcon: Changed the block at -191, 109, 120]
[13:19:27] [Server thread/INFO]: [Rcon: Changed the block at -198, 109, 121]
[13:19:27] [Server thread/INFO]: [Rcon: Changed the block at -191, 109, 121]
[13:19:27] [Server thread/INFO]: [Rcon: Changed the block at -198, 109, 122]
[13:19:27] [Server thread/INFO]: [Rcon: Changed the block at -191, 109, 122]
[13:19:27] [Server thread/INFO]: [Rcon: Successfully filled 6 block(s)]
[13:19:27] [Server thread/INFO]: [Rcon: Successfully filled 6 block(s)]
[13:19:27] [Server thread/INFO]: [Rcon: Changed the block at -197, 110, 113]
[13:19:27] [Server thread/INFO]: [Rcon: Changed the block at -192, 110, 113]
[13:19:27] [Server thread/INFO]: [Rcon: Changed the block at -197, 110, 114]
[13:19:27] [Server thread/INFO]: [Rcon: Changed the block at -192, 110, 114]
[13:19:27] [Server thread/INFO]: [Rcon: Changed the block at -197, 110, 115]
[13:19:27] [Server thread/INFO]: [Rcon: Changed the block at -192, 110, 115]
[13:19:27] [Server thread/INFO]: [Rcon: Changed the block at -197, 110, 116]
[13:19:27] [Server thread/INFO]: [Rcon: Changed the block at -192, 110, 116]
[13:19:28] [Server thread/INFO]: [Rcon: Changed the block at -197, 110, 117]
[13:19:28] [Server thread/INFO]: [Rcon: Changed the block at -192, 110, 117]
[13:19:28] [Server thread/INFO]: [Rcon: Changed the block at -197, 110, 118]
[13:19:28] [Server thread/INFO]: [Rcon: Changed the block at -192, 110, 118]
[13:19:28] [Server thread/INFO]: [Rcon: Changed the block at -197, 110, 119]
[13:19:28] [Server thread/INFO]: [Rcon: Changed the block at -192, 110, 119]
[13:19:28] [Server thread/INFO]: [Rcon: Changed the block at -197, 110, 120]
[13:19:28] [Server thread/INFO]: [Rcon: Changed the block at -192, 110, 120]
[13:19:28] [Server thread/INFO]: [Rcon: Changed the block at -197, 110, 121]
[13:19:28] [Server thread/INFO]: [Rcon: Changed the block at -192, 110, 121]
[13:19:28] [Server thread/INFO]: [Rcon: Changed the block at -197, 110, 122]
[13:19:28] [Server thread/INFO]: [Rcon: Changed the block at -192, 110, 122]
[13:19:28] [Server thread/INFO]: [Rcon: Successfully filled 4 block(s)]
[13:19:28] [Server thread/INFO]: [Rcon: Successfully filled 4 block(s)]
[13:19:28] [Server thread/INFO]: [Rcon: Changed the block at -196, 111, 113]
[13:19:28] [Server thread/INFO]: [Rcon: Changed the block at -193, 111, 113]
[13:19:28] [Server thread/INFO]: [Rcon: Changed the block at -196, 111, 114]
[13:19:28] [Server thread/INFO]: [Rcon: Changed the block at -193, 111, 114]
[13:19:28] [Server thread/INFO]: [Rcon: Changed the block at -196, 111, 115]
[13:19:28] [Server thread/INFO]: [Rcon: Changed the block at -193, 111, 115]
[13:19:28] [Server thread/INFO]: [Rcon: Changed the block at -196, 111, 116]
[13:19:28] [Server thread/INFO]: [Rcon: Changed the block at -193, 111, 116]
[13:19:28] [Server thread/INFO]: [Rcon: Changed the block at -196, 111, 117]
[13:19:28] [Server thread/INFO]: [Rcon: Changed the block at -193, 111, 117]
[13:19:28] [Server thread/INFO]: [Rcon: Changed the block at -196, 111, 118]
[13:19:28] [Server thread/INFO]: [Rcon: Changed the block at -193, 111, 118]
[13:19:28] [Server thread/INFO]: [Rcon: Changed the block at -196, 111, 119]
[13:19:28] [Server thread/INFO]: [Rcon: Changed the block at -193, 111, 119]
[13:19:28] [Server thread/INFO]: [Rcon: Changed the block at -196, 111, 120]
[13:19:28] [Server thread/INFO]: [Rcon: Changed the block at -193, 111, 120]
[13:19:28] [Server thread/INFO]: [Rcon: Changed the block at -196, 111, 121]
[13:19:28] [Server thread/INFO]: [Rcon: Changed the block at -193, 111, 121]
[13:19:28] [Server thread/INFO]: [Rcon: Changed the block at -196, 111, 122]
[13:19:28] [Server thread/INFO]: [Rcon: Changed the block at -193, 111, 122]
[13:19:28] [Server thread/INFO]: [Rcon: Successfully filled 2 block(s)]
[13:19:28] [Server thread/INFO]: [Rcon: Successfully filled 2 block(s)]
[13:19:28] [Server thread/INFO]: [Rcon: Changed the block at -198, 100, 115]
[13:19:28] [Server thread/INFO]: [Rcon: Changed the block at -191, 100, 115]
[13:19:28] [Server thread/INFO]: [Rcon: Changed the block at -198, 100, 120]
[13:19:28] [Server thread/INFO]: [Rcon: Changed the block at -191, 100, 120]
[13:19:28] [Server thread/INFO]: [Rcon: Changed the block at -194, 107, 117]
[13:19:28] [Server thread/INFO]: [Rcon: Changed the block at -194, 106, 117]
[13:19:28] [Server thread/INFO]: [Rcon: Changed the block at -198, 98, 114]
[13:19:28] [Server thread/INFO]: [Rcon: Changed the block at -191, 98, 114]
[13:19:28] [Server thread/INFO]: [Rcon: Changed the block at -198, 98, 121]
[13:19:28] [Server thread/INFO]: [Rcon: Changed the block at -195, 98, 113]
[13:19:28] [Server thread/INFO]: [Rcon: Changed the block at -195, 99, 113]
[13:19:28] [Server thread/INFO]: [Rcon: Changed the block at -195, 100, 113]
[13:19:28] [Server thread/INFO]: [Rcon: Changed the block at -194, 100, 113]
[13:19:28] [Server thread/INFO]: [Rcon: Changed the block at -193, 98, 113]
[13:19:28] [Server thread/INFO]: [Rcon: Changed the block at -193, 99, 113]
[13:19:28] [Server thread/INFO]: [Rcon: Changed the block at -193, 100, 113]
[13:19:28] [Server thread/INFO]: [Rcon: Changed the block at -193, 101, 113]
[13:19:28] [Server thread/INFO]: [Rcon: Changed the block at -192, 98, 113]
[13:19:28] [Server thread/INFO]: [Rcon: Changed the block at -196, 99, 113]
[13:19:28] [Server thread/INFO]: [Rcon: Changed the block at -192, 99, 113]
[13:19:28] [Server thread/INFO]: [Rcon: Changed the block at -192, 100, 113]
[13:19:28] [Server thread/INFO]: [Rcon: Changed the block at -192, 101, 113]
[13:19:28] [Server thread/INFO]: [Rcon: Changed the block at -194, 99, 118]
[13:19:28] [Server thread/INFO]: [Rcon: Changed the block at -194, 99, 119]
[13:19:28] [Server thread/INFO]: [Rcon: Changed the block at -194, 99, 117]
[13:19:28] [Server thread/INFO]: [Rcon: Changed the block at -195, 99, 118]
[13:19:28] [Server thread/INFO]: [Rcon: Changed the block at -193, 99, 118]
[13:19:28] [Server thread/INFO]: [Rcon: Changed the block at -194, 100, 118]
[13:19:28] [Server thread/INFO]: [Rcon: Changed the block at -194, 100, 118]
[13:19:28] [Server thread/INFO]: [Rcon: Changed the block at -196, 105, 116]
[13:19:28] [Server thread/INFO]: [Rcon: Changed the block at -192, 105, 120]
[13:19:29] [Server thread/INFO]: [Rcon: Changed the block at -196, 106, 116]
[13:19:29] [Server thread/INFO]: [Rcon: Changed the block at -192, 106, 120]
[13:19:29] [Server thread/INFO]: [Rcon: Changed the block at -196, 107, 116]
[13:19:29] [Server thread/INFO]: [Rcon: Changed the block at -192, 107, 120]
[13:19:29] [Server thread/INFO]: [Rcon: Changed the block at -197, 101, 115]
[13:19:29] [Server thread/INFO]: [Rcon: Changed the block at -191, 101, 121]
[13:19:29] [Server thread/INFO]: [Rcon: Changed the block at -194, 103, 118]
[13:19:29] [Server thread/INFO]: [Rcon: Changed the block at -194, 104, 118]
[13:19:29] [Server thread/INFO]: [Rcon: Changed the block at -194, 105, 118]
[13:19:29] [Server thread/INFO]: [Rcon: Changed the block at -194, 106, 118]
[13:19:29] [Server thread/INFO]: [Rcon: Changed the block at -194, 107, 118]
[13:19:29] [Server thread/INFO]: [Rcon: Changed the block at -194, 108, 118]
[13:19:29] [Server thread/INFO]: [Rcon: Changed the block at -194, 109, 118]
[13:19:29] [Server thread/INFO]: [Rcon: Changed the block at -195, 103, 118]
[13:19:29] [Server thread/INFO]: [Rcon: Changed the block at -193, 103, 118]
[13:19:29] [Server thread/INFO]: [Rcon: Changed the block at -194, 103, 117]
[13:19:29] [Server thread/INFO]: [Rcon: Changed the block at -194, 103, 119]
[13:19:29] [Server thread/INFO]: [Rcon: Changed the block at -195, 104, 118]
[13:19:29] [Server thread/INFO]: [Rcon: Changed the block at -193, 104, 118]
[13:19:29] [Server thread/INFO]: [Rcon: Changed the block at -194, 104, 117]
[13:19:29] [Server thread/INFO]: [Rcon: Changed the block at -194, 104, 119]
[13:19:29] [Server thread/INFO]: [Rcon: Summoned new Evoker]
[13:19:29] [Server thread/INFO]: [Rcon: Summoned new Villager]
[13:19:29] [Server thread/INFO]: [Rcon: Changed the block at -196, 102, 116]
[13:19:29] [Server thread/INFO]: [Rcon: Modified block data of -196, 102, 116]
[13:19:29] [Server thread/INFO]: [Rcon: Changed the block at -192, 102, 120]
[13:19:29] [Server thread/INFO]: [Rcon: Modified block data of -192, 102, 120]
[13:19:29] [Server thread/INFO]: [Rcon: Successfully filled 120 block(s)]
[13:19:29] [Server thread/INFO]: [Rcon: Successfully filled 16 block(s)]
[13:19:29] [Server thread/INFO]: [Rcon: Successfully filled 2 block(s)]
[13:19:29] [Server thread/INFO]: [Rcon: Successfully filled 2 block(s)]
[13:19:29] [Server thread/INFO]: [Rcon: Changed the block at -194, 99, 81]
[13:19:29] [Server thread/INFO]: [Rcon: Changed the block at -194, 99, 82]
[13:19:29] [Server thread/INFO]: [Rcon: Changed the block at -194, 99, 83]
[13:19:29] [Server thread/INFO]: [Rcon: Changed the block at -194, 99, 84]
[13:19:29] [Server thread/INFO]: [Rcon: Changed the block at -194, 99, 85]
[13:19:29] [Server thread/INFO]: [Rcon: Changed the block at -194, 99, 86]
[13:19:29] [Server thread/INFO]: [Rcon: Changed the block at -194, 99, 87]
[13:19:29] [Server thread/INFO]: [Rcon: Changed the block at -194, 99, 88]
[13:19:29] [Server thread/INFO]: [Rcon: Changed the block at -194, 99, 82]
[13:19:29] [Server thread/INFO]: [Rcon: Changed the block at -194, 98, 82]
[13:19:29] [Server thread/INFO]: [Rcon: Changed the block at -194, 99, 85]
[13:19:29] [Server thread/INFO]: [Rcon: Changed the block at -194, 98, 85]
[13:19:29] [Server thread/INFO]: [Rcon: Changed the block at -194, 99, 88]
[13:19:29] [Server thread/INFO]: [Rcon: Changed the block at -194, 98, 88]
[13:19:30] [Server thread/INFO]: [Rcon: Successfully filled 160 block(s)]
[13:19:30] [Server thread/INFO]: [Rcon: Successfully filled 36 block(s)]
[13:19:30] [Server thread/INFO]: [Rcon: Successfully filled 6 block(s)]
[13:19:30] [Server thread/INFO]: [Rcon: Successfully filled 6 block(s)]
[13:19:30] [Server thread/INFO]: [Rcon: Successfully filled 45 block(s)]
[13:19:30] [Server thread/INFO]: [Rcon: Successfully filled 6 block(s)]
[13:19:30] [Server thread/INFO]: [Rcon: Successfully filled 3 block(s)]
[13:19:30] [Server thread/INFO]: [Rcon: Successfully filled 3 block(s)]
[13:19:30] [Server thread/INFO]: [Rcon: Changed the block at -198, 100, 109]
[13:19:30] [Server thread/INFO]: [Rcon: Changed the block at -194, 97, 108]
[13:19:30] [Server thread/INFO]: [Rcon: Changed the block at -195, 100, 109]
[13:19:30] [Server thread/INFO]: [Rcon: Changed the block at -194, 100, 107]
[13:19:30] [Server thread/INFO]: [Rcon: Changed the block at -194, 99, 107]
[13:19:30] [Server thread/INFO]: [Rcon: Changed the block at -194, 100, 110]
[13:19:30] [Server thread/INFO]: [Rcon: Changed the block at -194, 99, 110]
[13:19:30] [Server thread/INFO]: [Rcon: Changed the block at -194, 97, 108]
[13:19:30] [RCON Client /127.0.0.1 #3/INFO]: Thread RCON Client /127.0.0.1 shutting down
[13:19:38] [Server thread/INFO]: Villager class_1646['Villager'/2280, l='ServerLevel[world]', x=-193.50, y=103.00, z=118.50] died, message: 'Villager suffocated in a wall'
[13:19:50] [Server thread/WARN]: Can't keep up! Is the server overloaded? Running 2059ms or 41 ticks behind
[13:20:21] [Server thread/INFO]: [ylopVEVO: Applied enchantment Sharpness V to ylopVEVO's item]
[13:20:36] [Server thread/INFO]: Villager class_1646['Villager'/2442, l='ServerLevel[world]', x=-170.21, y=87.00, z=142.14] died, message: 'Villager was slain by ylopVEVO'
[13:20:37] [Server thread/INFO]: Villager class_1646['Villager'/2441, l='ServerLevel[world]', x=-169.77, y=87.00, z=142.32] died, message: 'Villager was slain by ylopVEVO'
[13:20:39] [Server thread/INFO]: Villager class_1646['Villager'/2436, l='ServerLevel[world]', x=-168.34, y=87.00, z=144.70] died, message: 'Villager was slain by ylopVEVO'
[13:20:42] [Server thread/INFO]: Villager class_1646['Villager'/2438, l='ServerLevel[world]', x=-162.73, y=86.00, z=145.10] died, message: 'Villager was slain by ylopVEVO'
[13:20:44] [Server thread/INFO]: Villager class_1646['Villager'/2440, l='ServerLevel[world]', x=-167.04, y=86.00, z=152.12] died, message: 'Villager was slain by ylopVEVO'
[13:20:47] [Server thread/INFO]: Villager class_1646['Villager'/2439, l='ServerLevel[world]', x=-175.70, y=88.00, z=144.40] died, message: 'Villager was slain by ylopVEVO'
[13:20:53] [Server thread/INFO]: Villager class_1646['Villager'/2437, l='ServerLevel[world]', x=-167.96, y=85.00, z=128.88] died, message: 'Villager was slain by ylopVEVO'
[13:28:37] [Server thread/INFO]: ylopVEVO lost connection: Disconnected
[13:28:37] [Server thread/INFO]: ylopVEVO left the game
